"","cluster","Mean.of.log.A","Mean.of.log.B","Mean.of.log.C","Mean.of.log.D","Mean.of.log.E","Mean.of.log.F","isClusterMember","maxMembership","membership.of.cluster.1","membership.of.cluster.2","membership.of.cluster.3"
"LMLDLN(Acetyl)KAK",2,-0.349724845052874,-0.368922897483399,1.56665745060854,-0.847303394637588,-0.886143642361158,0.885437328926476,FALSE,0.375505471705838,0.321866130885345,0.375505471705838,0.302628397408817
"AD(Acetyl)KPDMGEIASFD(Acetyl)KAK",1,0.354617523881622,1.48894486161384,-0.330974834867606,-1.5428135106016,-0.273863607898008,0.304089567871746,FALSE,0.397822089858211,0.397822089858211,0.256724185026127,0.345453725115662
"EKLQ(Acetyl)KAVTK",2,-0.87880933048666,-0.765939197944667,1.02694630503567,0.960040733429009,0.725031062607894,-1.06726957264124,FALSE,0.421857489163857,0.247747886668544,0.421857489163857,0.330394624167599
"NAE(Acetyl)KYAEEDRR",2,-0.811741161077585,-0.437050701418808,1.8264870895528,-0.56659160223675,-0.501999289254766,0.490895664435109,FALSE,0.425839969290946,0.303883517158789,0.425839969290946,0.270276513550265
"ASGYQSSQ(Acetyl)KK",3,1.21080156832311,-0.0357149579302984,-1.78777712221813,0.579389553438129,0.00460403465996261,0.0286969237272253,FALSE,0.429271176933128,0.297862111106845,0.272866711960027,0.429271176933128
"Y(Acetyl)KAEDEK",1,-0.976888888187833,1.90403200200303,-0.262631221988881,-0.508887406485658,0.122561400833041,-0.278185886173699,FALSE,0.445054692242918,0.445054692242918,0.284464963512914,0.270480344244168
"FYGDEE(Acetyl)KDK",3,-0.197533661495403,1.84971789087615,-0.602998061761955,0.0601737166227708,-0.0269693388040518,-1.08239054543751,FALSE,0.45366822915188,0.307581340662687,0.238750430185433,0.45366822915188
"GGVVGI(Acetyl)KVDK",1,-1.63894735240659,0.833258966570265,0.42798091783848,-0.0156262552481508,-0.627579313940311,1.0209130371863,FALSE,0.45387638538845,0.45387638538845,0.383590279228453,0.162533335383097
"GLG(Acetyl)KGGAK",3,0.37420350234488,1.76072252123726,-0.0877450192386029,-1.16585553591178,-0.48831948804037,-0.393005980391392,FALSE,0.454641679475352,0.316846793339375,0.228511527185273,0.454641679475352
"GSLGQGTAPVLPG(Acetyl)KTGPTVTQVK",1,0.488496817588387,0.75285933492181,-1.52020412015006,-0.967443027657259,0.330753227005268,0.915537768291858,FALSE,0.464701379422394,0.464701379422394,0.277892008125842,0.257406612451763
"AI(Acetyl)KLRPIAVIK",3,0.0376269099759754,-1.29701475382011,0.989940152628494,1.17131747037911,0.0771211077012289,-0.978990886864695,FALSE,0.465817620830441,0.211043578796091,0.323138800373468,0.465817620830441
"(Acetyl)KGS(Acetyl)K(Acetyl)KAVT(Acetyl)KAQK",3,1.22730923278521,0.795287113422058,-1.64989473681982,-0.0789057999115173,0.0648728411959009,-0.358668650671827,FALSE,0.467985185719566,0.294360367155441,0.237654447124993,0.467985185719566
"SSTPEEV(Acetyl)KK",1,-1.28247977003022,1.75081702015171,0.109993083778592,-0.479022209323878,-0.196952388996567,0.0976442644203627,FALSE,0.468009205425447,0.468009205425447,0.299410733502154,0.232580061072399
"NQTAE(Acetyl)KEEFEHQQK",1,-1.12666831634604,1.81705123240552,-0.0995271067460065,-0.603856969742758,0.171288206851447,-0.15828704642216,FALSE,0.472528443232928,0.472528443232928,0.287077125259215,0.240394431507857
"STLTDSLVC(Acetyl)KAGIIASAR",2,-1.46031643031545,-0.246761838003525,-0.104179589667039,-0.107737655627711,0.272893125786321,1.64610238782741,FALSE,0.473366855294396,0.460336384184915,0.473366855294396,0.0662967605206898
"KLNVTEQE(Acetyl)KIDK",1,-1.30341512867389,-0.42998844938653,-0.478737638919605,-0.0418839453533835,0.711705328806804,1.5423198335266,FALSE,0.474120532175371,0.474120532175371,0.469470578593468,0.0564088892311609
"NVA(Acetyl)KLQK",2,-1.40307226881297,-0.343142234354384,-0.176915306810757,-0.177913434742911,0.483292373577271,1.61775087114375,FALSE,0.474405023457597,0.467258592697024,0.474405023457597,0.0583363838453796
"VE(Acetyl)KPDTK",1,-1.44559964184438,1.65120753014183,0.17317710763216,-0.385444153418573,-0.0475412857100349,0.0542004431989975,FALSE,0.478262097634463,0.478262097634463,0.309185402758538,0.212552499606999
"TEGAE(Acetyl)KK",2,-1.78320448119363,0.240394438049401,0.976860075488972,0.639808067470601,0.408073653829576,-0.481931753644923,FALSE,0.479752135042327,0.30715190401539,0.479752135042327,0.213095960942282
"HAEMVHTGL(Acetyl)KLER",2,-1.23441102437897,-0.480353839167968,-0.728188084213627,0.156924530674261,0.945981906740682,1.34004651034562,FALSE,0.48180237701158,0.449680939848206,0.48180237701158,0.0685166831402141
"SAPSTGGV(Acetyl)KKPHR",1,-0.801499473229003,-0.228756441276298,-1.31015042854549,0.234814349791761,1.4508401773833,0.654751815875737,FALSE,0.481945993505185,0.481945993505185,0.390259494750649,0.127794511744166
"LGVVE(Acetyl)KK",2,-1.55144465720539,-0.25185916723675,-0.1878175874491,-0.21928658259841,1.06475258816635,1.14565540632331,FALSE,0.482624851169602,0.476210421922093,0.482624851169602,0.0411647269083052
"LTDLD(Acetyl)KAQLLEIAK",1,-1.59328623389448,-0.115219895559174,0.332187780659255,-0.592656050494967,0.829336717509458,1.13963768177991,FALSE,0.482829282746198,0.482829282746198,0.455535512267065,0.0616352049867369
"TAIG(Acetyl)KAGYTDK",2,-1.41512438789991,-0.358057342078017,-0.396051207227401,-0.0195925029479273,0.696606813945376,1.49221862620788,FALSE,0.482832700456672,0.465206972537535,0.482832700456672,0.0519603270057932
"HHEEEIVHH(Acetyl)KK",2,-1.05098413699917,-0.887163822464984,1.74552820008889,0.115881513193989,-0.111849208457564,0.188587454638833,FALSE,0.484798441838085,0.268335264682269,0.484798441838085,0.246866293479646
"G(Acetyl)KPDAAK",1,-1.57492488423756,-0.181554498652528,0.0791301824185994,-0.454834397128963,1.08041331249259,1.05177028510786,FALSE,0.48571798737096,0.48571798737096,0.460515269827804,0.0537667428012363
"LPDGYEF(Acetyl)KFPNR",1,-1.46306259654173,-0.0312017901077984,0.19624536371694,-0.3059704891206,-0.0465195121248634,1.65050902417806,FALSE,0.487520877802603,0.487520877802603,0.432640043103342,0.0798390790940547
"GIFPVLC(Acetyl)KDPVQEAWAEDVDLR",1,-0.581760685350056,1.80941986430687,-0.747854855285177,-0.772493760149763,-0.160809324934612,0.453498761412739,FALSE,0.496004766801691,0.496004766801691,0.264102201624747,0.239893031573563
"SFDSEF(Acetyl)KLACK",2,-1.73047558676869,0.0140970011651355,1.37212612599816,0.348551378692129,-0.0248222247933811,0.0205233057066437,FALSE,0.498790763358366,0.299841447372181,0.498790763358366,0.201367789269454
"DGVVEITG(Acetyl)KHEER",2,-1.15937780006996,-0.561202784358807,0.708938303391828,-0.811530412927392,0.402793615900973,1.42037907806335,FALSE,0.499791328349568,0.390626055189681,0.499791328349568,0.109582616460751
"TIE(Acetyl)KFEK",3,-0.536587017815337,0.846480042993663,1.51606235187515,0.0162305946905574,-0.918558730261631,-0.923627241482406,TRUE,0.503235509334901,0.236965438862833,0.259799051802265,0.503235509334901
"THQEE(Acetyl)KK",1,-1.52405886870187,-0.252694315122869,-0.121946613091426,-0.300040704772964,0.885752777324093,1.31298772436504,TRUE,0.503550809708829,0.503550809708829,0.452221777099241,0.0442274131919298
"T(Acetyl)KQTAR",2,-1.70397092425643,0.0114572439440313,1.25096813805861,0.697401340330332,-0.0494077926551989,-0.20644800542134,TRUE,0.504108232181881,0.282572750295441,0.504108232181881,0.213319017522678
"TDLE(Acetyl)KDIISDTSGDFR",2,-1.68582211543988,-0.107803177455665,-0.282661645521854,0.0490502023478877,0.945668571162702,1.08156816490681,TRUE,0.504264639228989,0.462852265796514,0.504264639228989,0.0328830949744969
"HEVININL(Acetyl)KNKPEWFFK",2,-1.29187632513982,-0.501909788260851,-0.0934486570946225,-0.269523432380531,0.498739722151039,1.65801848072478,TRUE,0.504327738863439,0.428393802900225,0.504327738863439,0.0672784582363354
"VIG(Acetyl)KGGK",3,1.5061126631428,0.904072072567811,-0.90046899148634,-0.906511516837957,-0.524921536009265,-0.0782826913770491,TRUE,0.507963953050381,0.273366722307774,0.218669324641845,0.507963953050381
"FLEQQN(Acetyl)KILLAELEQLK",1,-1.66353408619219,-0.119067228531811,-0.0894542679651116,-0.205301229511148,0.965805174824515,1.11155163737574,TRUE,0.514821613084012,0.514821613084012,0.473894139120952,0.0112842477950364
"SLADELALVDVLED(Acetyl)KLK",2,-1.59485246266358,-0.16763760937932,0.0406958586071753,-0.0788458039490274,0.268134037460148,1.53250597992461,TRUE,0.516984792341466,0.434573180176068,0.516984792341466,0.0484420274824654
"E(Acetyl)KIYSAER",2,-1.21697899007309,-0.58274742878138,-0.551820420862554,-0.0452320771940085,1.18193853133033,1.2148403855807,TRUE,0.518288776295778,0.423574782530079,0.518288776295778,0.0581364411741422
"AREETD(Acetyl)KEEPASK",1,-1.91899011827768,0.440804047308565,0.0298790819641399,0.123877328252975,0.323191672837268,1.00123798791473,TRUE,0.519188892167562,0.519188892167562,0.417075264762894,0.0637358430695438
"VREEF(Acetyl)KELK",1,-1.30269295938073,-0.397365203627745,-0.383690166955562,-0.293590817047745,0.981537337367671,1.39580180964411,TRUE,0.52069788585786,0.52069788585786,0.423121133353415,0.0561809807887249
"FNIDGNNERPSPPPNVDYPLDGE(Acetyl)K",1,-1.50049691492308,0.552222807582085,-1.01827225030822,0.543775031620691,0.933703223326279,0.489068102702237,TRUE,0.523740179491768,0.523740179491768,0.359893562317241,0.116366258190991
"ATVTPSPV(Acetyl)KGK",2,-1.30298377812935,-0.638501661641368,0.20749693219316,1.2734731034997,0.979831901538141,-0.519316497460279,TRUE,0.524358667870612,0.269214116288365,0.524358667870612,0.206427215841023
"AEGAQNQG(Acetyl)KK",2,-1.71503705928011,-0.10653640172973,0.78992549614737,0.456375158177447,1.01205613833098,-0.43678333164595,TRUE,0.526124672067297,0.300056812178849,0.526124672067297,0.173818515753854
"EVPASAQASG(Acetyl)KTLPIPVQITLR",1,-1.06929064206282,-0.394034778273972,-0.821521064457278,-0.000750572390441493,0.687562469115266,1.59803458806925,TRUE,0.526208569685513,0.526208569685513,0.397411136471083,0.0763802938434033
"WVDPNSPVLLEDPVLCALA(Acetyl)KK",1,-0.604829234423592,-0.641590108418816,-1.06081414406919,-0.135210131291315,1.00193901445654,1.44050460374637,TRUE,0.527076183754148,0.527076183754148,0.40404342839286,0.0688803878529922
"KVE(Acetyl)KVVVSNR",1,-1.56469829728216,-0.151719228199833,-0.0168389095626813,-0.431055589587672,1.06658722780011,1.09772479683224,TRUE,0.528956889661535,0.528956889661535,0.42108313830552,0.0499599720329444
"ELEISVG(Acetyl)KSVSHENK",1,-1.16970241954913,-0.361054748593592,-0.658421264920751,-0.0631381855716122,0.612609066132471,1.63970755250261,TRUE,0.53052724711038,0.53052724711038,0.39945488668653,0.07001786620309
"QE(Acetyl)KDGTEK",1,-1.50713372100716,0.0627689696597423,-0.807278951770898,0.276204192841901,1.13845016340846,0.836989346867961,TRUE,0.535105634031272,0.535105634031272,0.390784109636141,0.0741102563325866
"RVIGA(Acetyl)K(Acetyl)KDQYFLDK",1,-0.297575835309366,-0.496786139489944,-1.16966211838052,-0.338257657694167,0.635450168964738,1.66683158190926,TRUE,0.536030379353151,0.536030379353151,0.353970179634834,0.109999441012015
"NS(Acetyl)KIEISELNR",1,-1.19096476999199,0.568367525028402,0.341684502509205,-0.888990438834318,-0.328057786838302,1.497960968127,TRUE,0.539766430814772,0.539766430814772,0.327014736338049,0.133218832847178
"SEIDNV(Acetyl)KK",1,-0.681779203174408,-0.133691434145706,-0.476521324547768,-0.52390574782853,-0.179941688165672,1.99583939786208,TRUE,0.541070673023471,0.541070673023471,0.346195192946366,0.112734134030163
"GLGDCLV(Acetyl)KIYK",2,-1.9155981320198,0.130563073061016,0.459790812543388,-0.141097692308647,0.673834682612252,0.792507256111789,TRUE,0.541283441958844,0.38788515501123,0.541283441958844,0.0708314030299259
"HELQANCYEEV(Acetyl)KDR",2,-1.87309626015083,0.0944556095202864,-0.15743550171788,0.272973983614552,0.81863997899417,0.844462189739705,TRUE,0.543791246471358,0.405382015415505,0.543791246471358,0.050826738113137
"SAPATGGV(Acetyl)KKPHR",3,1.3668508504531,1.1316911109229,-0.705062631812252,-0.976793193607616,-0.226316144301858,-0.590369991654278,TRUE,0.543850886594582,0.253211065059141,0.202938048346277,0.543850886594582
"TD(Acetyl)KPGAAPPSTEER",1,-1.51692356568018,0.223652194582452,0.528310620888241,-0.880115352054418,0.474637378843509,1.17043872342039,TRUE,0.544235825731674,0.544235825731674,0.366216380721646,0.0895477935466806
"SIDL(Acetyl)KDK",2,-1.48598824059314,-0.383352480826184,-0.181963901240604,-0.202819647857146,1.00439380217158,1.24973046834549,TRUE,0.54654343093602,0.417804845905935,0.54654343093602,0.0356517231580456
"LAEGL(Acetyl)KLTLDTIFVPNTGK",1,-1.56215345244827,-0.159363527621598,-0.254232097112145,-0.188787579550713,0.86849779893883,1.2960388577939,TRUE,0.557720060188164,0.557720060188164,0.40185580508387,0.0404241347279652
"ALTLPGSSENEYIM(Acetyl)KAIMR",1,-1.19457486202012,-0.372747344604597,-0.694996663863182,-0.156928089421208,1.20604566115207,1.21320129875704,TRUE,0.558218154712156,0.558218154712156,0.395440237410878,0.0463416078769659
"DVDGVTDINLG(Acetyl)KLVR",2,-1.4768530940126,-0.599559480181658,1.38532984202848,0.703623229165591,-0.156487285751255,0.143946788751447,TRUE,0.560257928064822,0.247422568968309,0.560257928064822,0.192319502966869
"EGD(Acetyl)KHTLSK",1,-1.66942861074031,0.908581502822213,0.461965855852161,-0.7642966091799,0.42034050305595,0.642837358189889,TRUE,0.56168594318063,0.56168594318063,0.320911201698444,0.117402855120926
"SQETPAT(Acetyl)KK",1,-0.620288087488088,0.247553115730182,-1.01924490336786,-0.749317244208754,1.64556027517997,0.495736844154557,TRUE,0.561845675425327,0.561845675425327,0.301766377907484,0.13638794666719
"GFSIPECQ(Acetyl)KLLPK",2,-1.71671685034593,-0.162240097523856,-0.0620771282300517,-0.0528002211193649,0.869967609598106,1.1238666876211,TRUE,0.564885048420259,0.391920247899259,0.564885048420259,0.0431947036804819
"QVDQLTND(Acetyl)KAR",1,-1.75128310047758,0.0612230826946246,-0.195422157720591,-0.0572708061927624,0.989333344858572,0.953419636837739,TRUE,0.565176819976148,0.565176819976148,0.413391092576019,0.0214320874478325
"DAAP(Acetyl)KMYK",2,-1.78934660818097,-0.0261881560119216,0.553280312329543,-0.33333905909639,1.02948570411228,0.566107806847461,TRUE,0.565377790588511,0.367476641657586,0.565377790588511,0.0671455677539028
"NISFND(Acetyl)KK",1,-1.48454113287634,-0.194751408653801,-0.257324571963774,-0.334661872296017,1.1177384611497,1.15354052464023,TRUE,0.567182086541009,0.567182086541009,0.386136504051903,0.0466814094070886
"ILLAELEQL(Acetyl)K",1,-0.74889045457002,1.39136470020953,-1.00007334463802,-0.517058599901943,-0.215839590752529,1.09049728965298,TRUE,0.567339105494234,0.567339105494234,0.259762680328367,0.172898214177399
"TVA(Acetyl)KLEK",2,-1.35716073745518,-0.533066097021257,-0.315897431390167,-0.100639289878773,0.925943034435141,1.38082052131024,TRUE,0.568656864902792,0.389877849706452,0.568656864902792,0.0414652853907552
"TIAPALVS(Acetyl)KK",1,-1.0677344227584,-0.418719327523032,-0.638065748610487,-0.300730360806954,0.861817121519988,1.56343273817888,TRUE,0.568666187193122,0.568666187193122,0.370748247137104,0.0605855656697744
"DALNIETAI(Acetyl)KTK",1,-1.59884573752754,-0.102122889570348,-0.307479085445316,-0.113917357698367,0.86944583420804,1.25291923603353,TRUE,0.570266151405149,0.570266151405149,0.389354447788343,0.0403794008065077
"THYDA(Acetyl)KK",1,-1.55641719622684,-0.0181998750228051,0.211225168173607,-0.651256654194204,0.808479402059456,1.20616915521079,TRUE,0.570836249964364,0.570836249964364,0.371604793925854,0.0575589561097822
"ETDSPSTPG(Acetyl)KDQR",1,-1.6940580756404,0.627763149430384,-0.755048451988033,0.416717956207218,0.648264784817494,0.756360637173341,TRUE,0.573683632754091,0.573683632754091,0.335769294464197,0.0905470727817122
"SHSLA(Acetyl)KK",2,-1.12641639619709,-1.24627826468123,1.20748185973009,0.642173680370179,-0.0307065088552876,0.553745629633329,TRUE,0.573716811787197,0.241373385950371,0.573716811787197,0.184909802262432
"LSLSEG(Acetyl)KVK",1,-0.46346285341179,-0.0145223360182363,-1.07534816569079,-0.480789847252531,0.202006348651149,1.8321168537222,TRUE,0.574563827116477,0.574563827116477,0.304663618085876,0.120772554797647
"DLEEDHACIPI(Acetyl)KK",1,-1.87773995296644,0.532319779287775,0.308118869980234,-0.214056485118391,0.260286812572204,0.99107097624462,TRUE,0.574779023541305,0.574779023541305,0.376154625801971,0.0490663506567234
"GLG(Acetyl)KGGA(Acetyl)KR",1,-1.22059373486248,1.52392633818776,-0.162338522318388,-0.907933018056789,0.236831099561925,0.530107837487978,TRUE,0.576071544823,0.576071544823,0.263798070755727,0.160130384421273
"AFNQG(Acetyl)KIFK",2,-1.6971588959539,-0.138759650698186,-0.137920619285268,0.00386773255826487,0.719498748573731,1.25047268480536,TRUE,0.576983950363603,0.411830787247565,0.576983950363603,0.0111852623888321
"EAAE(Acetyl)KAK",2,-1.29856425371833,-0.882349465536192,1.43392523514976,0.2072240366934,-0.111191318347225,0.650955765758596,TRUE,0.577621838214799,0.255892842834653,0.577621838214799,0.166485318950548
"VLDFEHFLPMLQTVA(Acetyl)KNK",2,-1.05697471946238,-0.935239432185228,0.176235876895534,0.117511169904229,-0.0227952413726973,1.72126234622054,TRUE,0.578363761793368,0.313952656859896,0.578363761793368,0.107683581346736
"YLSP(Acetyl)KYIK",2,-1.47139226838673,-0.43588668490055,0.145249338801007,-0.258006526811768,0.501554774980883,1.51848136631716,TRUE,0.578468412320625,0.368133349131171,0.578468412320625,0.0533982385482041
"LR(Acetyl)KDDPVTNLNNAFEVAEK",1,-1.83408317741963,0.40004113257967,-0.380395474695491,0.272271058968377,0.955657128466796,0.586509332100278,TRUE,0.578519804066418,0.578519804066418,0.393552693253731,0.0279275026798516
"SDQEA(Acetyl)KPSTEDLGDK",1,-1.40076228600271,-0.244869172650044,-0.509525198688804,-0.150324740219032,1.01477618608157,1.29070521147902,TRUE,0.578659099699966,0.578659099699966,0.377895260014339,0.0434456402856952
"QLQNQLAEC(Acetyl)KK",2,-1.19961647834959,-0.721136953243621,-0.689462141037698,0.543433634826358,0.77415184093719,1.29263009686736,TRUE,0.579354182815638,0.336989655024065,0.579354182815638,0.0836561621602969
"ED(Acetyl)KYEEEIK",3,-0.014425523554087,1.69869732470318,0.427212880289548,-0.244787290092131,-0.678880558757644,-1.18781683258886,TRUE,0.579601243948559,0.224210977748989,0.196187778302452,0.579601243948559
"KAGAA(Acetyl)KAK",2,-1.67484402300683,-0.173458741394669,-0.406865583453854,0.784078546551484,0.346675904896037,1.12441389640783,TRUE,0.580102464738301,0.338748640724921,0.580102464738301,0.081148894536778
"KEETA(Acetyl)KLIEK",1,-1.68486902371926,0.154832096539218,0.188711214939359,-0.432200370562408,0.473158805057805,1.30036727774528,TRUE,0.580540637215173,0.580540637215173,0.362768298705194,0.0566910640796324
"DQTDDQVTIDSALATQ(Acetyl)KYSVAVK",3,-0.260915566027994,-0.100221162418676,1.40197565845829,0.833982245530146,-0.435743649898379,-1.43907752564339,TRUE,0.583825664667025,0.179109622948029,0.237064712384946,0.583825664667025
"ILLAELEQL(Acetyl)KGQGK",2,-1.85249685221777,-0.0327283994856742,0.342586293917009,0.0293765754017079,1.14648654479027,0.366775837594452,TRUE,0.58461583951568,0.333763070422968,0.58461583951568,0.0816210900613515
"IL(Acetyl)KEISQAN(Acetyl)KNEDTK",2,-1.42933142457033,-0.904411716878512,0.8443404007327,1.1476175044818,0.330118718917635,0.0116665173167075,TRUE,0.585666385797163,0.235411533376028,0.585666385797163,0.178922080826809
"EFN(Acetyl)KYDTDGSK",1,-1.07017614940458,-0.285156319019388,-0.350544120526047,-0.423833892163587,0.28927185764288,1.84043862347072,TRUE,0.586397920688506,0.586397920688506,0.358758891895926,0.0548431874155681
"DYVQ(Acetyl)KAQTK",1,-1.69383603627476,0.0415749122204414,-0.0652487272202258,-0.297687596787306,0.953722338348037,1.06147510971382,TRUE,0.587978277935046,0.587978277935046,0.367528266097091,0.0444934559678634
"EIAQDF(Acetyl)KTDLR",1,-0.984039261210754,-0.173641992335395,-1.14688300267989,0.0635886595015302,0.827959817749301,1.4130157789752,TRUE,0.590224185611031,0.590224185611031,0.33527056828215,0.0745052461068189
"FY(Acetyl)KDVLEVGELAK",2,-1.9736051131104,0.0635612678095726,0.447164919225173,0.640486980466743,0.687328666906993,0.135063278701921,TRUE,0.590743262630826,0.296686567041068,0.590743262630826,0.112570170328106
"(Acetyl)KAEEEAR",1,-1.65197545601868,1.27206622360867,-0.240519207734161,-0.323862720244592,0.620882204497876,0.323408955890885,TRUE,0.591759439201956,0.591759439201956,0.284281440783626,0.123959120014418
"GASD(Acetyl)KCSCCA",2,-1.49248278754831,-0.425774873859463,-0.382567721526901,0.258865714136004,0.638199400173401,1.40376026862527,TRUE,0.594867840066829,0.350132919667492,0.594867840066829,0.0549992402656792
"NVQQTVSA(Acetyl)KGPPEK",1,-0.814415054954728,-0.343201833479953,-0.89629068260564,-0.458081570675703,1.09674605031374,1.41524309140228,TRUE,0.597369596660022,0.597369596660022,0.324572374819428,0.0780580285205507
"VFSGLVSTGL(Acetyl)KVR",2,-1.84740992052271,-0.0679456562859952,0.489433489323347,-0.141147139557879,1.00163933228829,0.565429894754948,TRUE,0.597506486286978,0.329382941858235,0.597506486286978,0.0731105718547873
"AAF(Acetyl)KEPK",3,1.30558158235687,1.2550446871357,-0.719583044922048,-0.709983601189054,-0.736987031988369,-0.394072591393104,TRUE,0.59837899954269,0.226052523330338,0.175568477126971,0.59837899954269
"QA(Acetyl)KQESTEYR",1,-1.87908787516003,0.532385891776257,-0.18215658973447,0.0618456548482055,0.543079753718911,0.923933164551129,TRUE,0.598950311327988,0.598950311327988,0.336072714122162,0.0649769745498503
"NQ(Acetyl)KLTATTQK",2,-1.03536388718477,-0.949547920082285,-0.413965503284716,0.0773668407809987,0.882976661205563,1.43853380856521,TRUE,0.599671448397648,0.328029178662289,0.599671448397648,0.0722993729400632
"KVVVSPTK(Acetyl)K",2,-1.84047304176454,-0.0676926035468641,0.230050561653098,0.00538440628093257,1.11574901904192,0.556981658335458,TRUE,0.600898175193267,0.333083864366047,0.600898175193267,0.0660179604406861
"KPAAAGV(Acetyl)KK",1,-0.872408012618953,1.47552891868512,-0.798466946547453,-0.904038643469604,0.585469390303266,0.513915293647626,TRUE,0.602022464015288,0.602022464015288,0.241880940875021,0.15609659510969
"AHHAAC(Acetyl)KEEK",1,-1.1419464785591,-0.109292101201078,-0.460335871419398,-0.66565214287436,1.50752429335213,0.869702300701803,TRUE,0.604283887553636,0.604283887553636,0.322732649607855,0.072983462838509
"VSFELFAD(Acetyl)KVPK",1,-1.52110687301075,-0.124096937265055,-0.405246250326806,-0.153967036635126,0.939150138885253,1.26526695835249,TRUE,0.605006685858385,0.605006685858385,0.351644909734069,0.043348404407546
"HEE(Acetyl)KVAAYDK",1,-1.00217672320968,0.558623631690635,-0.35570508337962,-1.11202499863235,1.45260942523028,0.458673748300738,TRUE,0.605148821400667,0.605148821400667,0.277114308834533,0.117736869764801
"SVPHLQ(Acetyl)KVFDR",1,-1.50974648759477,-0.139844294506094,-0.405417319304033,-0.170199165876909,0.986103699944078,1.23910356733773,TRUE,0.605238804227016,0.605238804227016,0.354298056189901,0.040463139583083
"CTLAE(Acetyl)KLGGSAVISLEGKPL",2,-1.56319276890546,-0.331600056138501,-0.396543293779627,0.164658996286043,1.04419686138607,1.08248026115148,TRUE,0.606312459612846,0.359215851042411,0.606312459612846,0.0344716893447432
"VY(Acetyl)KEMYK",1,-1.26780213433746,-0.184712203763889,-0.563631294016436,-0.13043544112848,0.473307054332376,1.67327401891389,TRUE,0.607018681664225,0.607018681664225,0.343184775279304,0.049796543056471
"DSYVGDEAQS(Acetyl)KR",2,-1.72848783241578,-0.266059500351397,0.899906683730252,-0.157343356042743,0.223983787535122,1.02800021754454,TRUE,0.609689578228435,0.299763102823821,0.609689578228435,0.0905473189477437
"A(Acetyl)KSPSQK",2,-1.45681405993192,-0.53072799337027,0.584632474780405,-0.546711334551883,0.809248797938949,1.14037211513472,TRUE,0.609829636053754,0.323772094214748,0.609829636053754,0.0663982697314981
"GRPC(Acetyl)KIVEMSTSK",1,-1.77028499611727,0.780490602245825,0.283499815152253,-0.463851367972246,0.213068640516294,0.957077306175146,TRUE,0.612390525413916,0.612390525413916,0.308998978714302,0.0786104958717816
"IL(Acetyl)KCAGNEDIITLR",2,-1.23243180958161,-0.70651157174657,-0.414015245999556,0.174319438695091,0.638252533908664,1.54038665472398,TRUE,0.617889106002722,0.332726024808813,0.617889106002722,0.0493848691884657
"AM(Acetyl)KDEEK",3,0.242337374938183,1.26941162038772,0.992126846094497,-0.472045158905191,-0.844806512232977,-1.18702417028223,TRUE,0.621777784200296,0.193617632257168,0.184604583542537,0.621777784200296
"AA(Acetyl)KSPAK",2,-1.58038648849292,-0.290709663860958,0.619584081587226,-0.467791913790879,1.27023062902497,0.449073355532557,TRUE,0.622430665980288,0.324466251810706,0.622430665980288,0.0531030822090058
"GPGRPTGS(Acetyl)KK",1,-1.37787496218633,1.37436589522956,-0.678794805290912,-0.379791504050862,0.678614124362483,0.38348125193606,TRUE,0.626451571003687,0.626451571003687,0.250058184891473,0.12349024410484
"AVEHIN(Acetyl)KTIAPALVSK",1,-1.25670193622483,-0.0490232679709572,-0.834851175538568,0.00795628202272847,0.593434307046895,1.53918579066473,TRUE,0.628027256846939,0.628027256846939,0.309747688114661,0.0622250550383995
"DLTDYLM(Acetyl)KILTER",1,-1.62204620835542,-0.00654025256132979,-0.364221363260731,-0.0398642140020691,0.725819962180493,1.30685207599906,TRUE,0.629383328270438,0.629383328270438,0.339613239300826,0.0310034324287358
"DPFAPLH(Acetyl)KPPRPQPPEVAFK",1,-0.855241731238083,-0.290766206313839,-0.490224205896977,-0.786061385880545,0.768398896866732,1.65389463246271,TRUE,0.629544940959638,0.629544940959638,0.302221083650969,0.068233975389393
"LEEVLTN(Acetyl)KK",2,-1.48425464718192,-0.499471168460525,-0.169660880558151,-0.0361865236318998,0.849524532937971,1.34004868689453,TRUE,0.631655842546205,0.322380192975912,0.631655842546205,0.0459639644778829
"IESLNEEIAFL(Acetyl)KK",1,-0.967041685408183,0.333075700812516,-0.42975399761299,-0.636192709777177,-0.129739962458309,1.82965265444414,TRUE,0.632215418588534,0.632215418588534,0.276213993616296,0.0915705877951698
"AAYLQETGKPLDETL(Acetyl)KK",1,-1.6065466733934,-0.0277658231075089,-0.240883496298901,-0.212597654686711,0.783538353105395,1.30425529438112,TRUE,0.637587547660581,0.637587547660581,0.325911931914524,0.036500520424895
"STGEAFVQFASQEIAE(Acetyl)KALK",2,-1.81306601483685,-0.205722791614515,-0.0376909109476455,0.720186417483087,1.02699256846526,0.309300731450664,TRUE,0.637679898803443,0.27578362750235,0.637679898803443,0.0865364736942067
"STPAITLESPDI(Acetyl)KYPLR",1,-0.681937206162619,0.791350036831306,-0.492217117913696,-1.28165347141803,0.267160901603941,1.3972968570591,TRUE,0.638098978197851,0.638098978197851,0.238969759722128,0.122931262080021
"SATDGNTSTTPPTSA(Acetyl)KK",1,-1.24760102105601,-0.108054201931201,-0.2209866975225,-0.591881598161457,0.500562389168902,1.66796112950227,TRUE,0.64054388056217,0.64054388056217,0.300544170085902,0.0589119493519279
"FVGQSGQED(Acetyl)KK",1,-1.57427334265604,0.853830734802196,0.261805450364196,-0.874435700800168,0.478234799463996,0.854838058825815,TRUE,0.642064351578532,0.642064351578532,0.268439495679403,0.0894961527420652
"ACLDTAVENMPSL(Acetyl)KMK",3,-0.0946084070698774,0.359030210053768,1.26936632988628,0.686673674547258,-0.713929488296467,-1.50653231912096,TRUE,0.644564425976734,0.162194910330119,0.193240663693147,0.644564425976734
"VATHE(Acetyl)KEWK",2,-1.6351389459493,-0.335065247883473,0.251334410468477,-0.207104265946183,0.607105917448586,1.31886813186189,TRUE,0.645201453518055,0.313638649919003,0.645201453518055,0.0411598965629417
"SSEAETQQPPAAPPAAPALSAADT(Acetyl)KPGTTGSGAGSGGPGGLTSAAPAGGDKK",1,-1.08551784524162,1.30410449655932,-0.871681652084496,-0.673216276417071,0.782240923807188,0.544070353376674,TRUE,0.646140059145446,0.646140059145446,0.230271976757404,0.12358796409715
"(Acetyl)KLQAQMK",2,-1.69890957763431,-0.282679342847902,0.149130961695598,-0.160058599911776,0.975297379274195,1.01721917942419,TRUE,0.648420809579004,0.307372869339811,0.648420809579004,0.0442063210811842
"TFEEDPAVGAIVLTGGD(Acetyl)KAFAAGADIK",2,-1.75926901173524,-0.511225654785539,1.02652966197396,0.634400813033627,0.333146544980327,0.276417646532871,TRUE,0.649234641172319,0.22968650823937,0.649234641172319,0.121078850588311
"IIDINYYPVPEACLSN(Acetyl)KR",2,-1.25173440567796,-0.842464030956197,-0.480877071358845,0.466556271251179,0.893680764953848,1.21483847178797,TRUE,0.650470419788494,0.277988589798427,0.650470419788494,0.0715409904130787
"DFLAGGVAAAIS(Acetyl)KTAVAPIER",2,-1.58307086831047,-0.388619010427025,-0.222734885758472,0.137984931174108,0.745608145816141,1.31083168750572,TRUE,0.650806122762545,0.308948864932351,0.650806122762545,0.0402450123051041
"VAPEEHPVLLTEAPLNP(Acetyl)KANR",1,-1.67175631312512,0.104568993841532,-0.281850508413155,-0.189885751831014,1.02934019132894,1.00958338819882,TRUE,0.65122804166204,0.65122804166204,0.309021106634424,0.039750851703537
"TGVAVNKPAEFTVDA(Acetyl)KHGGK",2,-1.28501482980116,-0.735013368591576,-0.234263858988607,0.000502619161349123,0.799916882695567,1.45387255552442,TRUE,0.652235120183669,0.301337594865182,0.652235120183669,0.0464272849511492
"LLLPGELA(Acetyl)KHAVSEGTK",2,-1.22527907342595,-0.767555425722631,-0.435906380202773,0.114382280749345,1.03817442386358,1.27618417473843,TRUE,0.652731636579386,0.304937344712361,0.652731636579386,0.0423310187082521
"AD(Acetyl)KPDMGEIASFDK",3,0.622391886962985,1.48193294139153,0.44884057193186,-0.757545747386579,-0.777301094555229,-1.01831855834456,TRUE,0.65554342472999,0.185774978356206,0.158681596913805,0.65554342472999
"ANLE(Acetyl)KAK",1,-1.48095484879056,-0.0521997931686629,-0.0762857995718991,-0.584928413578738,0.941524848552006,1.25284400655785,TRUE,0.655702484466185,0.655702484466185,0.298550737273122,0.0457467782606933
"NAMGSLASQAT(Acetyl)KDGK",1,-1.75227335976895,0.652404619407529,0.188451079530807,-0.583293576758629,0.672923645598407,0.821787591990837,TRUE,0.656703634450793,0.656703634450793,0.277875103856186,0.0654212616930207
"GALQNIIPASTGAA(Acetyl)KAVGK",1,-1.61345506977227,0.0184154245045853,-0.302611380126979,-0.167433734651131,0.763722390068452,1.30136236997734,TRUE,0.658478377800308,0.658478377800308,0.303375880846412,0.0381457413532791
"DLLDDL(Acetyl)KSELTGK",1,-1.62037533961046,0.0447977436696534,-0.128287878757656,-0.32018680663795,0.691865453534656,1.33218682780176,TRUE,0.659781227380584,0.659781227380584,0.300026467757056,0.0401923048623604
"GVDLVLNSLAEE(Acetyl)KLQASVR",3,-0.0351950366790109,0.580196374532524,1.21625315253204,0.476213810507588,-0.642840279263414,-1.59462802162973,TRUE,0.662132015592868,0.157968473572539,0.179899510834593,0.662132015592868
"AAPEA(Acetyl)KK",1,-1.4309744990179,0.731719536075168,-0.00900558960885638,-0.961070109654563,1.05808110659794,0.611249555608221,TRUE,0.662705017310734,0.662705017310734,0.251453998567777,0.0858409841214887
"VHEEA(Acetyl)KR",2,-1.24709746311489,-1.31180702740494,0.609489117791258,0.88622427391527,0.562026912035515,0.501164186777784,TRUE,0.663897414087455,0.208369869295653,0.663897414087455,0.127732716616892
"VAVATPA(Acetyl)KK",1,-1.17257852580106,1.20345721173146,-0.584629971499412,-0.871365671588408,0.886053193735736,0.539063763421678,TRUE,0.664204051344416,0.664204051344416,0.224831468740529,0.110964479915056
"DS(Acetyl)KPSSTPR",1,-1.70228541051864,0.125663541373506,-0.135069762151886,-0.265187842678657,0.840388401905466,1.13649107207021,TRUE,0.666021261047853,0.666021261047853,0.297058207283034,0.0369205316691136
"(Acetyl)KLLEGEEER",2,-1.45949783785193,-0.551160340882104,-0.182979643933377,-0.0312760667361183,0.94436814396026,1.28054574544327,TRUE,0.666588528267968,0.29510452605416,0.666588528267968,0.0383069456778713
"VIHDNFGIVEGLMTTVHAITATQ(Acetyl)KTVDGPSGK",1,-1.70172072799256,0.591695367551883,-0.642516041724768,0.125454194463758,0.843302185996774,0.783785021704911,TRUE,0.666628817798684,0.666628817798684,0.271912400387522,0.0614587818137932
"TG(Acetyl)KTVSYLGLE",2,-1.10095458066424,-1.09113234333482,-0.424535812270243,0.572527586969302,1.01343835847427,1.03065679082574,TRUE,0.666630060237019,0.25317958183883,0.666630060237019,0.0801903579241508
"AAGAGAA(Acetyl)KR",1,-1.80834796318235,0.773851536943065,-0.208454313423831,-0.194796757356905,0.808521762346603,0.629225734673413,TRUE,0.670201618114711,0.670201618114711,0.266906343818863,0.0628920380664255
"VGLQVVAV(Acetyl)KAPGFGDNR",1,-0.711189750452508,0.868554280650624,-1.19697187764566,-0.739360785075716,0.591102812019885,1.18786532050338,TRUE,0.670416645991239,0.670416645991239,0.219122668800596,0.110460685208165
"SHAH(Acetyl)KMVK",2,-1.43834192699584,-0.580917956177096,-0.409159663814489,0.301316227012013,0.872214963091685,1.25488835688373,TRUE,0.670514249413082,0.284036309719586,0.670514249413082,0.0454494408673321
"AD(Acetyl)KEAGGSDGPR",3,1.10263063771554,-1.24598520974911,0.411948022841668,0.831184708735187,0.0691429630964629,-1.16892112263975,TRUE,0.672350290450863,0.139410314020446,0.188239395528691,0.672350290450863
"HLL(Acetyl)KNLFK",1,-1.24485797305592,-0.214782674555195,-0.645866099399323,-0.233402442339044,0.855345367513873,1.4835638218356,TRUE,0.67292001494448,0.67292001494448,0.29197937829904,0.03510060675648
"DLVLPTQALPASPAL(Acetyl)KN(Acetyl)K",3,1.72861093352025,0.694889132199948,-0.638477279739568,-0.399018180824941,-0.721813813608835,-0.664190791546855,TRUE,0.672937942562116,0.173117088115741,0.153944969322143,0.672937942562116
"AFVDFLSDEI(Acetyl)KEER",2,-1.58446217334886,-0.84239243783711,1.04622999105258,0.489558174554008,0.289663892528455,0.601402553050927,TRUE,0.675461270816354,0.212777507503968,0.675461270816354,0.111761221679678
"DTPA(Acetyl)KNAQK",1,-1.73652962944037,0.490736623361939,0.163205130240965,-0.576641359286221,0.766486123812965,0.892743111310725,TRUE,0.675826316780547,0.675826316780547,0.272453494886925,0.0517201883325282
"APAQ(Acetyl)KAPAPK",1,-1.20516034475114,1.26960256380652,-0.477000179722692,-0.906947820178213,0.572958303634875,0.746547477210644,TRUE,0.675964837535595,0.675964837535595,0.216717140553286,0.107318021911119
"GPIGS(Acetyl)KTR",2,-1.39313235029598,-1.15498209102654,0.882095218385137,0.66063929933272,0.554012327552419,0.451367596052238,TRUE,0.676790955333701,0.203625547798335,0.676790955333701,0.119583496867964
"SQSSTSTTGA(Acetyl)KK",2,-1.29267352690064,-0.823141506403101,-0.499220919170197,0.650737199867633,0.824799465097817,1.13949928750849,TRUE,0.677229062328039,0.256942855528509,0.677229062328039,0.0658280821434527
"GSTPYGGV(Acetyl)KLEDLIVK",2,-1.33429479177318,-1.18882426044591,1.03165248864032,0.51498554806695,0.494554284721772,0.481926730790044,TRUE,0.678247175403869,0.202981882496423,0.678247175403869,0.118770942099708
"(Acetyl)KDDPVTNLNNAFEVAEK",1,-1.30282270774543,-0.0505649822485418,-0.768393127988099,-0.184255118991842,1.06131912598753,1.24471681098639,TRUE,0.678320594599367,0.678320594599367,0.270275552018034,0.0514038533825989
"AGLVDDFE(Acetyl)KK",2,-1.43583764780931,-1.09227690283237,0.696858936056008,0.903681199942956,0.383624306204268,0.543950108438446,TRUE,0.679695767149126,0.202781203377968,0.679695767149126,0.117523029472906
"GILTL(Acetyl)KYPIEHGIVTNWDDMEK",1,-1.62098153504666,1.24881002139384,0.0714491833638138,-0.615342355381524,0.388916717945077,0.52714796772545,TRUE,0.68069856659212,0.68069856659212,0.241991697185063,0.0773097362228161
"DFLAGGIAAAIS(Acetyl)KTAVAPIER",2,-1.339424830601,-0.81052687576018,0.239976860582778,-0.285364037734647,1.10790107066884,1.0874378128442,TRUE,0.681532313838816,0.25876249025517,0.681532313838816,0.0597051959060148
"QELE(Acetyl)KTR",2,-1.82935856627107,-0.169358512887567,0.0646019745747005,0.1572283380076,0.981199714917161,0.795687051659175,TRUE,0.681937899109728,0.272165844852919,0.681937899109728,0.0458962560373527
"TVILG(Acetyl)KK",3,1.0903861965487,1.35560761845387,-0.139123651370981,-0.53704625328298,-0.661894554722015,-1.10792935562659,TRUE,0.682071725819914,0.170536605603963,0.147391668576123,0.682071725819914
"EIFQNE(Acetyl)KR",2,-1.43817877221046,-1.0776936779756,0.988279714067013,0.609059422952425,0.478190953038733,0.440342360127898,TRUE,0.684589773224218,0.200404507325972,0.684589773224218,0.11500571944981
"AETSEGSGSAPAVPEASASP(Acetyl)KQR",3,1.21318159289957,1.15623276818137,0.128642088007031,-0.738343577323264,-0.678211341812639,-1.08150152995207,TRUE,0.688886806495729,0.164657098531711,0.14645609497256,0.688886806495729
"VIISAPSADAPMFVMGVNHE(Acetyl)KYDNSLK",1,-0.987229696302346,1.00581561531797,-1.17556140914124,-0.480329619275195,0.644486980789939,0.992818128610874,TRUE,0.690091981410829,0.690091981410829,0.210575701189265,0.0993323173999056
"AVAAS(Acetyl)KER",1,-1.52724333270536,0.456476782878708,-0.0266916827533866,-0.750949434270762,1.22933806552951,0.619069601321298,TRUE,0.690706735342813,0.690706735342813,0.256856668057582,0.0524365965996053
"V(Acetyl)KTTAPR",3,0.807426578012127,-0.889595662460793,1.12159983716771,0.764942615378393,-0.695212225305169,-1.10916114279226,TRUE,0.691908618450302,0.134146143344504,0.173945238205194,0.691908618450302
"I(Acetyl)KIIAPPER",2,-1.7248932491858,-0.270176399982692,0.0108264992030181,0.00862029996229148,0.985199297338954,0.990423552664231,TRUE,0.692327909523751,0.273726441530454,0.692327909523751,0.0339456489457953
"DLTDYLM(Acetyl)K",1,-1.6899984788342,0.733798915463543,-0.582594590973194,-0.0458726230187204,0.856905598611135,0.727761178751434,TRUE,0.692681143635572,0.692681143635572,0.241797306358278,0.0655215500061504
"KMEDSVGCLETAEEV(Acetyl)KR",1,-1.51891816058964,0.353859819685373,-0.149526207580945,-0.428091645916046,0.221880575063835,1.52079561933743,TRUE,0.692820253993308,0.692820253993308,0.250360925590046,0.0568188204166468
"GLL(Acetyl)KTLQK",2,-1.6801551001202,-0.241474372519561,-0.206762783833206,0.140592759683194,0.793178082419677,1.1946214143701,TRUE,0.693306801254777,0.293703716325973,0.693306801254777,0.0129894824192504
"EGA(Acetyl)KLLCGGER",3,1.18448483929474,1.12951053565813,0.253621081682171,-0.755328025313775,-0.75754600357567,-1.0547424277456,TRUE,0.694309897671727,0.16111515738818,0.144574944940094,0.694309897671727
"RVIGA(Acetyl)KK",3,1.38701889874047,-0.972270171904672,0.73456753356544,0.464177394501679,-0.999280311838522,-0.6142133430644,TRUE,0.695076570512333,0.138176255588767,0.1667471738989,0.695076570512333
"TVTPA(Acetyl)KAVTTPGK",1,-1.05584548499565,1.20468580919635,-0.702154096836982,-0.90733265602321,0.570784043957266,0.889862384702228,TRUE,0.695919261131236,0.695919261131236,0.202935471890678,0.101145266978085
"GAAIPA(Acetyl)KGAK",1,-1.12674390878132,1.0891789446861,-0.437355652348634,-1.07393549581652,0.779029491641319,0.769826620619059,TRUE,0.696218733403743,0.696218733403743,0.207555592014917,0.0962256745813397
"DGLQNE(Acetyl)KNIVSTPVK",1,-1.71362550907915,0.239567981493019,-0.123974203210712,-0.23899546954094,0.567606281947009,1.26942091839077,TRUE,0.697149689562217,0.697149689562217,0.266000361283682,0.036849949154101
"ISEQSDA(Acetyl)KLK",2,-1.36606338713728,-1.19061024524739,0.788411390603236,0.645159664947529,0.406931022796061,0.716171554037845,TRUE,0.697876708385857,0.195729216602255,0.697876708385857,0.106394075011888
"DSYVGDEAQS(Acetyl)K",1,-1.8266702499442,0.500539632219082,-0.108726646255712,-0.20460754087234,0.732761941973543,0.906702862879625,TRUE,0.699542238044545,0.699542238044545,0.259935874277063,0.0405218876783922
"AQIE(Acetyl)KR",2,-1.20158703592782,-1.29985246731957,0.26092438853841,0.618899351205382,1.03512392288032,0.58649184062328,TRUE,0.700379190144368,0.202256641705175,0.700379190144368,0.0973641681504571
"GVITV(Acetyl)KDGK",2,-1.5514701191206,-0.426186601033116,-0.0239034136545206,-0.151356926627582,0.888976232926315,1.2639408275095,TRUE,0.700591242605979,0.281659441534716,0.700591242605979,0.0177493158593052
"GAGTDE(Acetyl)KTLTR",2,-1.1731806153477,-1.25690769776508,0.358627652843525,0.44984153698098,0.364695904160613,1.25692321912767,TRUE,0.702429034405603,0.209227474836036,0.702429034405603,0.0883434907583601
"GEVPCTVTSASPLEEATLSEL(Acetyl)KTVLK",2,-1.50774569739991,-1.00204322460165,0.908376341570089,0.55680564562327,0.377682654664274,0.666924280143935,TRUE,0.705109255937219,0.194511569894984,0.705109255937219,0.100379174167797
"FTPPSTALSPG(Acetyl)KMSEALPLGAPDAGAALAGK",3,1.20087200399559,1.32544798917857,-0.293021774687838,-0.92580520197888,-0.61283177104407,-0.694661245463373,TRUE,0.705860879267692,0.168361684811457,0.125777435920851,0.705860879267692
"TLPSTSSSGS(Acetyl)KR",3,0.769614408257391,1.05705774127041,-0.147441795879548,0.205251714392537,-0.0905313087013735,-1.79395075933942,TRUE,0.706361152513194,0.149909382792619,0.143729464694187,0.706361152513194
"VSGSGGGGAG(Acetyl)KTVK",3,1.41580899074497,0.412284974995952,0.408539755214284,-0.348160062631216,-1.55832943668328,-0.33014422164071,TRUE,0.707291059520064,0.148147737471591,0.144561203008345,0.707291059520064
"DHVE(Acetyl)KDDIIK",3,1.40483052271665,0.92428501592284,0.186954896264849,-0.716856053697661,-0.948225510470064,-0.850988870736615,TRUE,0.709194291114235,0.152377790949687,0.138427917936078,0.709194291114235
"(Acetyl)KYPYWPHQPIENL",2,-1.60579507630893,-0.882246502831303,0.84739190138208,0.677141214751776,0.515634482078167,0.447873980928206,TRUE,0.709831865987866,0.191569762391353,0.709831865987866,0.0985983716207805
"SELTG(Acetyl)KFEK",1,-1.31332171442015,-0.114444037066098,-0.540564452304385,-0.386181553038221,1.02092336214266,1.33358839468619,TRUE,0.711115805175738,0.711115805175738,0.249329447373509,0.0395547474507532
"KVESLQEEIAFL(Acetyl)KK",2,-1.59403971806143,-0.441026444669104,-0.168285074057581,0.122629242364663,0.872323432850492,1.20839856157296,TRUE,0.71328962207791,0.252442599246667,0.71328962207791,0.0342677786754235
"HSAESQIL(Acetyl)KHLLK",1,-0.950307022201058,0.00400396178281828,-0.813221405659498,-0.630511447508629,0.893446275706537,1.49658963787983,TRUE,0.713845882704353,0.713845882704353,0.224964308716838,0.0611898085788089
"TGIEQGSDAGYLCESQ(Acetyl)KFGELVMTK",2,-1.39521620197896,-1.17859410553023,0.667983817498466,0.704990537869629,0.594495424171598,0.606340527969492,TRUE,0.716220596446095,0.185740937434475,0.716220596446095,0.0980384661194301
"AGG(Acetyl)KAG(Acetyl)KDSG(Acetyl)KA(Acetyl)KAK",2,-1.55745215881796,-0.580167732507747,-0.339348268870826,0.623456032405604,1.01658896234449,0.836923165446441,TRUE,0.717630261436874,0.22726531054567,0.717630261436874,0.055104428017456
"QN(Acetyl)KLEQVEK",2,-1.54730277936289,-0.974934166762432,0.700281988287732,0.697896308476655,0.713932970699895,0.41012567866104,TRUE,0.717695048989957,0.186786578815359,0.717695048989957,0.0955183721946842
"AEQAEADK(Acetyl)KQAEDR",3,1.34734141980496,0.856786023656539,0.174544041092395,-0.741757113808696,-0.303590580608782,-1.33332379013641,TRUE,0.718254586531245,0.146657236284528,0.135088177184227,0.718254586531245
"WNTDNTLGTEISWEN(Acetyl)KLAEGLK",2,-1.4332444457498,-0.629818090094706,-0.220812925789678,0.0802115846141706,0.920338076116194,1.28332580090382,TRUE,0.718510804856331,0.248343544786937,0.718510804856331,0.0331456503567316
"CD(Acetyl)KEFMWALK",3,1.24228211569415,-0.983302289638516,0.743486842561152,0.60064270387614,-0.419895427646865,-1.18321394484606,TRUE,0.719542432563576,0.12557261643193,0.154884951004494,0.719542432563576
"E(Acetyl)KAEGDVAALNR",1,-1.46710417733177,0.0943414000014315,-0.668129867135607,-0.13738402340688,1.06690634172038,1.11137032615244,TRUE,0.721311787030558,0.721311787030558,0.238512809009255,0.040175403960187
"(Acetyl)KYEEVAR",3,0.441835249649595,1.24701694849681,0.686451906540808,-0.0753218411477969,-0.897126013294018,-1.4028562502454,TRUE,0.721609114769939,0.141422070296159,0.136968814933901,0.721609114769939
"SVPTWL(Acetyl)KLTSDDVK",1,-1.77745062131333,0.754455153855308,-0.112833806194403,-0.340875758044162,0.576781967708323,0.899923063988266,TRUE,0.724722768817778,0.724722768817778,0.22341566760451,0.0518615635777127
"(Acetyl)KSAPATGGV(Acetyl)KKPHR",3,1.51077324220578,0.952478181049027,-0.310317734983617,-0.507615009538737,-0.595896629233762,-1.04942204949869,TRUE,0.725444083415477,0.145377751301857,0.129178165282666,0.725444083415477
"SYAE(Acetyl)KPDEITK",1,-1.00725758923769,0.865065546787476,-0.629750457655575,-0.938043550312967,0.355715416473606,1.35427063394515,TRUE,0.72559288488677,0.72559288488677,0.191220785451657,0.0831863296615732
"ATGPPVSELIT(Acetyl)KAVAASK",1,-1.30878372137962,0.0658712134077268,-0.68451403901101,-0.37274431322032,1.2722643321073,1.02790652809592,TRUE,0.725686313171392,0.725686313171392,0.230727799280006,0.0435858875486021
"GTLDPVE(Acetyl)KALR",1,-1.26313614805189,0.514496578956909,-0.0920724311857752,-0.96229961206965,0.363055702350716,1.43995590999969,TRUE,0.726065547882299,0.726065547882299,0.209326476582069,0.0646079755356318
"ADG(Acetyl)KISEQSDAK",2,-1.4199032367675,-1.1441791054235,0.742535367651769,0.608165941264333,0.513530378578953,0.699850654695943,TRUE,0.72607870193638,0.181825197682529,0.72607870193638,0.0920961003810905
"TPS(Acetyl)KLSEK",2,-1.32672244290295,-1.05924410830598,-0.117226503681007,0.782167456223519,0.935735602204695,0.785289996461728,TRUE,0.726731503816926,0.197211269657313,0.726731503816926,0.0760572265257608
"AAATPA(Acetyl)KK",1,-1.30936804623649,1.439429295454,-0.246818274438621,-0.835840760226262,0.489111297094955,0.463486488352422,TRUE,0.727281770596034,0.727281770596034,0.194891993729525,0.0778262356744406
"AT(Acetyl)KSPAKPK",1,-1.74209463477697,0.740218974791704,-0.102408576611964,-0.448025721286375,0.752338108141338,0.799971849742267,TRUE,0.728169525881497,0.728169525881497,0.218792461175949,0.053038012942555
"EA(Acetyl)KHIAEEADR",3,0.62583670078462,0.917146095452223,1.0204348515259,-0.260532393005568,-1.09502099480361,-1.20786425995357,TRUE,0.728680923398497,0.135435109635635,0.135883966965868,0.728680923398497
"SVEAAAELSA(Acetyl)KDLK",1,-1.62518923201776,1.08118691723259,-0.177399494598052,-0.568965255198806,0.677426261335738,0.612940803246285,TRUE,0.73076792539483,0.73076792539483,0.207583967479307,0.0616481071258629
"(Acetyl)KHGVYNPNK",2,-1.36040070476768,-1.19541168266279,0.676478726003401,0.5734763006994,0.451470776648785,0.854386584078889,TRUE,0.730805018658342,0.181140951675158,0.730805018658342,0.0880540296664998
"NQGDP(Acetyl)KK",1,-1.18267834231503,0.944739640077296,-1.00863898912417,-0.468555677414044,0.835198386253676,0.879934982522277,TRUE,0.731183664146005,0.731183664146005,0.190120800600578,0.0786955352534169
"(Acetyl)KSAPATGGVK",3,1.45130173353201,0.974489428730292,-0.0298041447824192,-0.658137765474004,-0.869010654648622,-0.868838597357259,TRUE,0.732892192349512,0.141610654605358,0.12549715304513,0.732892192349512
"E(Acetyl)KIETELR",2,-1.6043148891489,-0.479552633756016,-0.223608733080313,0.331707628443722,0.782529307931309,1.1932393196102,TRUE,0.733595732561563,0.225991656130736,0.733595732561563,0.0404126113077007
"HAL(Acetyl)KGAGTNEK",1,-1.22784541708939,0.0720387599941086,-0.0997742761269639,-0.947732741028389,0.826195205833986,1.37711846841664,TRUE,0.73400871210787,0.73400871210787,0.221763968094301,0.0442273197978285
"IGFAE(Acetyl)KVAAK",2,-1.5480521434195,-0.964368214382758,0.655614382379827,0.749032068498266,0.368054050173386,0.73971985675078,TRUE,0.735680605375649,0.178641909285076,0.735680605375649,0.0856774853392751
"QPVGGGQ(Acetyl)KLLTR",1,-1.52191907399949,0.303397880646828,-0.00514887168753366,-0.769155225132775,0.911531939356762,1.08129335081621,TRUE,0.736043296649173,0.736043296649173,0.216645485042118,0.0473112183087088
"(Acetyl)KLMVALAK",2,-1.50075672695002,-0.587040683574906,-0.243611548293075,0.19361262924571,0.96595771522771,1.17183861434458,TRUE,0.736720726440142,0.22804341496082,0.736720726440142,0.0352358585990387
"HMGIG(Acetyl)KR",1,-1.01896074986245,1.09029903622975,-0.700292018621166,-0.970483397878229,0.624190079754022,0.975247050378074,TRUE,0.739129004680172,0.739129004680172,0.180063600853709,0.080807394466119
"YSEGYPG(Acetyl)KR",2,-1.56132723650354,-0.945404357614665,0.872645933491587,0.443453988230815,0.567896804648899,0.622734867746908,TRUE,0.739624291192124,0.177801003536593,0.739624291192124,0.082574705271283
"EGNDLYHEMIESGVINL(Acetyl)KDATSK",2,-1.53142554817666,-0.970042600113437,0.936017198566421,0.408105057617788,0.60465806972454,0.552687822381345,TRUE,0.741614387806485,0.176626539399839,0.741614387806485,0.0817590727936753
"AM(Acetyl)KQVAGTMK",2,-1.55398212313663,-0.931779847449768,0.913265550070947,0.379538058172577,0.47975740263681,0.713200959706062,TRUE,0.742631783282667,0.177954612233459,0.742631783282667,0.0794136044838736
"SD(Acetyl)KPDMAEIEK",1,-1.23496977356915,0.0274539515430036,-0.718846284043522,-0.428819837375268,1.18136671939623,1.1738152240487,TRUE,0.743449151275537,0.743449151275537,0.213518211245815,0.0430326374786484
"DQEFTV(Acetyl)KSK",1,-1.6117191434308,0.562885052074982,-0.00886121513478251,-0.714119992111453,0.832003983367309,0.93981131523474,TRUE,0.745830076245829,0.745830076245829,0.203860076349152,0.0503098474050199
"YSVDIPLD(Acetyl)KTVVNK",1,-1.74435422088055,0.350555747811105,0.110003199664919,-0.464492468548931,0.676368685266751,1.07191905668671,TRUE,0.749494532897732,0.749494532897732,0.230466325862988,0.0200391412392801
"VPVHDVTDAS(Acetyl)KVK",1,-1.19965591526554,-0.0734798102716653,-0.558421019487886,-0.56909169383261,1.06217475696027,1.33847368189743,TRUE,0.74960699000641,0.74960699000641,0.212503345793188,0.0378896642004027
"KDGSASAAA(Acetyl)KK",3,0.73824226623632,-0.372313415699875,0.619267213985457,1.1830744519304,-0.782037989580567,-1.38623252687174,TRUE,0.750843295064729,0.112110138585143,0.137046566350129,0.750843295064729
"SAEEEAADLPT(Acetyl)KPTK",1,-1.2507571939695,0.0470537952380617,-0.429876239503295,-0.583422789761029,0.633808278345964,1.58319414964979,TRUE,0.750900344515952,0.750900344515952,0.204473697133174,0.0446259583508734
"VIGA(Acetyl)K(Acetyl)KDQYFLDKK",3,1.6302926634998,-0.747455462894518,0.0717911147949171,0.61531935474675,-0.495736522180997,-1.07421114796595,TRUE,0.750948482719854,0.11617784734854,0.132873669931606,0.750948482719854
"SPA(Acetyl)KPK",1,-1.18578626171715,0.714297072231989,-1.09872889952202,-0.304178372329977,0.820408012437617,1.05398844889954,TRUE,0.751073831048316,0.751073831048316,0.18342253972006,0.0655036292316232
"KGPGLAVQSGD(Acetyl)KTK",2,-1.51836130341075,-0.665012059302764,-0.315423301179778,0.623309394268595,0.884804027173504,0.990683242451196,TRUE,0.753775141919027,0.199697963871616,0.753775141919027,0.046526894209357
"GATPG(Acetyl)KALVATPGK",1,-1.00279467066885,0.825362751918627,-0.95258482058945,-0.753782518637032,0.764102795177362,1.11969646279935,TRUE,0.754493901663099,0.754493901663099,0.173016770207333,0.072489328129568
"IDSLSAQLSQLQ(Acetyl)KQLAAK",2,-1.13498601030446,-1.17424883829441,-0.0612037648886523,0.351167456992714,0.720538763352998,1.29873239314181,TRUE,0.754744438494983,0.193410737568909,0.754744438494983,0.0518448239361084
"APPVDDAEVDELVLQT(Acetyl)KR",2,-1.73737993142529,-0.281356949764934,-0.0403822041164252,0.117286480095304,0.999248850551951,0.942583754659391,TRUE,0.75551636591497,0.222560305256943,0.75551636591497,0.021923328828087
"ICLDIL(Acetyl)KDK",2,-1.45506262903609,-1.07246223403799,0.35661035555534,0.871116157811278,0.619359683170391,0.680438666537061,TRUE,0.756373371923383,0.167326350851697,0.756373371923383,0.0763002772249195
"NLGIG(Acetyl)KVSSFEEK",2,-1.57273642850529,-0.948182875929597,0.754707280981166,0.652626449483003,0.479628733055866,0.633956840914855,TRUE,0.756556657666381,0.166535909298688,0.756556657666381,0.0769074330349313
"ALATPP(Acetyl)KLHTCEK",3,0.718123910225425,1.13484179929608,0.607077717076912,-0.136943264169632,-0.926243742984919,-1.39685641944386,TRUE,0.75821675776626,0.122786038626193,0.118997203607547,0.75821675776626
"VVVSPT(Acetyl)KK",1,-1.4462194982343,0.679096904905141,-0.322086675718904,-0.763994991467802,1.07265925506632,0.780545005449546,TRUE,0.759374545384595,0.759374545384595,0.183638981800874,0.0569864728145307
"QAAS(Acetyl)KAASK",3,1.05035914578381,-0.00228531525526999,-0.395845999263539,0.700209835547771,0.404338604207353,-1.75677627102012,TRUE,0.759407988062469,0.114590339780926,0.126001672156605,0.759407988062469
"ILGLLDAYL(Acetyl)KTR",2,-1.77291522873434,-0.316121848010368,-0.0252429663633536,0.28353942133709,0.914613333942321,0.916127287828652,TRUE,0.760461011545546,0.202654396233721,0.760461011545546,0.0368845922207327
"ESL(Acetyl)KQAR",2,-1.61217280273468,-0.902528633561402,0.649961747116722,0.652610786794586,0.647061828977219,0.565067073407555,TRUE,0.761812922357885,0.16402849812012,0.761812922357885,0.0741585795219958
"G(Acetyl)KGG(Acetyl)KGLGK",1,-1.32291605233422,1.02689258938121,-0.548399359789698,-0.763009495997342,0.702375027825335,0.905057290914714,TRUE,0.76190216762625,0.76190216762625,0.170138588374291,0.0679592439994591
"MY(Acetyl)KEEGLK",2,-1.75245186697403,-0.355296299628005,0.206380936279999,0.0265914895699543,0.968889903455209,0.905885837296878,TRUE,0.761934344022616,0.201262582721384,0.761934344022616,0.0368030732560008
"LEEAE(Acetyl)KAADESER",3,0.801898769664799,1.19418024739038,0.647927492409179,-0.562778804734005,-0.92101556222968,-1.16021214250067,TRUE,0.761958949847132,0.124143514106554,0.113897536046313,0.761958949847132
"FQVDPSGEIVELA(Acetyl)KGACPWK",2,-1.44637408179651,-0.722229559686498,-0.0997515421187639,0.139751315988946,0.85049306409039,1.27811080352244,TRUE,0.762070216370668,0.199064234920681,0.762070216370668,0.038865548708651
"LDH(Acetyl)KFDLMYAK",1,-1.72346374281036,0.29876320367302,-0.40495327326418,-0.0535491235808152,0.928718065116696,0.954484870865639,TRUE,0.762221715030741,0.762221715030741,0.219039416482556,0.018738868486703
"LM(Acetyl)KICMNEDPAK",2,-1.48468983603934,-1.03521989265498,0.349492907577761,0.77415163498608,0.815991795536105,0.580273390594369,TRUE,0.762609801682903,0.164532282796743,0.762609801682903,0.0728579155203539
"SHAAE(Acetyl)KLR",1,-0.661677657422538,-0.0644578841208008,-0.790898003810481,-0.905057408420823,0.910947992979846,1.5111429607948,TRUE,0.763225894953274,0.763225894953274,0.199066043210347,0.0377080618363801
"EEASGSSVTAEEA(Acetyl)KK",1,-1.19968153480047,1.07021734152557,-0.624052477755374,-0.783672955666647,0.429229017850088,1.10796060884684,TRUE,0.763488219299494,0.763488219299494,0.168104768368075,0.0684070123324307
"SD(Acetyl)KPDMAEIEKFDK",3,1.11985773163755,-0.824600361097937,0.620120266741177,0.740188297503076,-0.210095440329619,-1.44547049445425,TRUE,0.763997272320894,0.104705260832775,0.131297466846331,0.763997272320894
"MEAD(Acetyl)KDDTQQILK",3,1.34327202876751,-0.693560290581923,0.968335573871101,0.0600749235672253,-0.411706182690613,-1.2664160529333,TRUE,0.765516310346227,0.108035479144964,0.126448210508809,0.765516310346227
"STVNE(Acetyl)KPK",2,-1.62746761977516,-0.581312617214993,-0.136641420350787,0.550921948260987,1.09865034346049,0.695849365619461,TRUE,0.765566544584505,0.187526243401023,0.765566544584505,0.0469072120144727
"V(Acetyl)KLQEMEGTVK",1,-1.34468027424882,0.13019524804943,-0.194200328705928,-0.744162274663067,0.711720894134293,1.4411267354341,TRUE,0.766486608998936,0.766486608998936,0.192326246031295,0.0411871449697695
"MISDAIPEL(Acetyl)KASIK",2,-1.3935219617574,-1.18018190902093,0.63151247756391,0.689120680958752,0.569619732090657,0.683450980165015,TRUE,0.767746094183425,0.158505658359847,0.767746094183425,0.0737482474567273
"G(Acetyl)KGG(Acetyl)KGLGKGGA(Acetyl)KR",1,-0.905714217075466,0.125784946804564,-0.431321968151796,-0.97494473858497,0.528484140065081,1.65771183694259,TRUE,0.768789032668936,0.768789032668936,0.190434349439727,0.0407766178913368
"SSEAETQQPPAAPPAAPALSAADT(Acetyl)KPGTTGSGAGSGGPGGLTSAAPAGGDK",1,-1.28370960787952,1.0339184728922,-0.643109523938519,-0.699096114535052,0.557723195452902,1.03427357800798,TRUE,0.770261824936783,0.770261824936783,0.163950315661872,0.0657878594013451
"LSLD(Acetyl)KVFR",2,-1.66307322215852,-0.806338277630141,0.597804403714831,0.732614839791743,0.425865088235791,0.713127168046296,TRUE,0.770265672191691,0.161457995845927,0.770265672191691,0.0682763319623815
"VVPV(Acetyl)KAK",1,-1.11758079551099,0.795346721011926,-0.492086378621623,-1.04211389902901,0.745034037678478,1.11140031447122,TRUE,0.771308358607303,0.771308358607303,0.164833748644666,0.0638578927480305
"DFGSFD(Acetyl)KFK",2,-1.34790667417705,-0.996122111578401,0.269018940517714,0.257051441676897,0.461790581638212,1.35616782192262,TRUE,0.772536426426022,0.176072788997652,0.772536426426022,0.0513907845763261
"EALNSCN(Acetyl)KR",1,-1.44967117714807,0.442521618048653,-0.0473027866125121,-0.861738961877343,0.711213151350033,1.20497815623924,TRUE,0.774223181372824,0.774223181372824,0.179712056147626,0.0460647624795505
"GG(Acetyl)KGLGK",1,-1.19545645646441,0.756652200426998,-0.430264538033034,-0.886766517946564,0.385271709722658,1.37056360229435,TRUE,0.775064189953034,0.775064189953034,0.165364540818449,0.059571269228517
"NI(Acetyl)KIISK",1,-1.24107242407332,0.0785846582778783,-0.722155473281483,-0.372030444873798,0.776654846227173,1.48001883772355,TRUE,0.77648158813334,0.77648158813334,0.183498607509406,0.0400198043572542
"LLSISG(Acetyl)KR",1,-1.14345352100155,0.557015782699667,-0.362879834940186,-1.0127638560769,0.593746709599082,1.36833471971989,TRUE,0.777227701347799,0.777227701347799,0.166316287592813,0.056456011059388
"A(Acetyl)KWDAWNELK",2,-1.42131246858332,-0.809798568049167,-0.130970266240074,0.445256664809967,0.589913953297798,1.3269106847648,TRUE,0.778772570838244,0.180579684643236,0.778772570838244,0.0406477445185195
"(Acetyl)KLNVTEQEK",1,-1.44224375879337,0.0705606604488816,-0.597192229365508,-0.168686335395686,0.718584056107071,1.41897760699862,TRUE,0.77886802539049,0.77886802539049,0.194450954590029,0.026681020019481
"AGEQ(Acetyl)KPSSNLLEQFILLAK",3,1.05318510700719,-0.776766881226168,0.636401029762255,0.87767899381232,-0.390687104072882,-1.39981114528272,TRUE,0.77887939848974,0.0975137152754401,0.12360688623482,0.77887939848974
"QIESSDYDSSSS(Acetyl)KG(Acetyl)KK",3,1.55879914609702,0.702200481580704,-0.358458849654775,0.00658507540992764,-0.703422693422199,-1.20570316001067,TRUE,0.779567796500889,0.113099004664669,0.107333198834442,0.779567796500889
"TFVNITPAEVGVLVG(Acetyl)KDR",1,-1.26422734911232,0.766116443949936,-1.00752760402574,-0.307744797917213,0.732340626450931,1.0810426806544,TRUE,0.781556510027657,0.781556510027657,0.163053516984435,0.0553899729879077
"HTLS(Acetyl)KK",3,0.666145864697062,0.766767463050646,1.02661303232369,-0.168039570374504,-0.78471024157323,-1.50677654812367,TRUE,0.781596989403173,0.107528349295141,0.110874661301686,0.781596989403173
"AVT(Acetyl)KAQ(Acetyl)KK",3,1.72712844331228,0.470873252737389,-0.381709063596172,-0.0442747714086948,-0.689006385345281,-1.08301147569953,TRUE,0.782565709199472,0.111056594119228,0.1063776966813,0.782565709199472
"GVL(Acetyl)KVFLENVIR",1,-1.56664070901956,0.639765870929736,-0.156575619655986,-0.705197308147787,0.980599418090254,0.808048347803346,TRUE,0.782758411407258,0.782758411407258,0.175392987454203,0.0418486011385382
"VIISAPSADAPMFVMGVNHE(Acetyl)K",1,-1.73130727027249,0.503239198643021,-0.247404068750177,-0.297155728718589,0.766500823091184,1.00612704600705,TRUE,0.782902016599706,0.782902016599706,0.181104578201786,0.0359934051985081
"GA(Acetyl)KLTPEEEEILNK",1,-1.45827233053825,0.0486926490198567,-0.61264362143029,-0.0238488323610463,0.574725756158306,1.47134637915143,TRUE,0.784473073264101,0.784473073264101,0.203407559268788,0.0121193674671109
"SQQALVQ(Acetyl)KR",2,-1.41582292482501,-1.15160214502529,0.729000933251565,0.586668788760645,0.554499836655218,0.697255511182877,TRUE,0.784597646252657,0.149467384714589,0.784597646252657,0.0659349690327543
"QIFLGGVD(Acetyl)KR",1,-1.65689118587319,0.800014957246876,-0.327250814314836,-0.432706038770612,0.726913633423221,0.889919448288542,TRUE,0.785376230118756,0.785376230118756,0.167840352930007,0.0467834169512363
"EGVFA(Acetyl)KEVR",3,0.353576400221204,0.485567799505564,1.3397654803731,0.173033470584818,-1.02028402779652,-1.33165912288816,TRUE,0.785578281876325,0.100405279031451,0.114016439092224,0.785578281876325
"SQ(Acetyl)KQEEENPAEETGEEKQDTQEK",3,1.30736153317664,-0.810407683206049,0.667027914705114,0.618145450649439,-0.560135771409016,-1.22199144391612,TRUE,0.786913544644889,0.0960686651446968,0.117017790210414,0.786913544644889
"VVDSMDALD(Acetyl)KVVQER",2,-1.61415926824979,-0.767398346749345,1.01518079868248,0.363729564464943,0.236703494201789,0.765943757649926,TRUE,0.787056659073772,0.157420202719259,0.787056659073772,0.0555231382069695
"DSGPPT(Acetyl)KK",3,1.51456834079561,0.550435681450383,-0.407102051227806,0.192947429461865,-0.43180502915339,-1.41904437132667,TRUE,0.78706144032746,0.107865592560295,0.105072967112245,0.78706144032746
"LNQVIFPVSYND(Acetyl)KFYKDVLEVGELAK",3,1.19482423750374,-0.503791900466517,0.259157773625887,0.996461595813637,-1.39980203415083,-0.54684967232591,TRUE,0.787502603005009,0.0956660368538534,0.116831360141138,0.787502603005009
"SYYLKPS(Acetyl)KMNEFLENFEK",2,-1.4584510369339,-1.09591604347619,0.554119263765309,0.78412375486807,0.535565443804668,0.680558617972044,TRUE,0.78811688684234,0.14739594280933,0.78811688684234,0.0644871703483299
"IECEI(Acetyl)KINHEGEVNR",1,-1.5894118651141,0.225010879424123,-0.289419543594022,-0.268310793256959,0.502758306629283,1.41937301591167,TRUE,0.789255202203279,0.789255202203279,0.186359342682512,0.0243854551142096
"FNDGSDE(Acetyl)KK",2,-1.47125167466443,-1.01469332011626,0.61172959597177,0.212163850833791,0.882899195201596,0.77915235277353,TRUE,0.790281958312315,0.152192412278608,0.790281958312315,0.0575256294090767
"GSGTAEVEL(Acetyl)KK",1,-1.10979932599222,0.738128406306569,-0.900020895465196,-0.589487539511694,0.521942858424053,1.33923649623849,TRUE,0.79066781954448,0.79066781954448,0.15339875286953,0.0559334275859902
"IVQ(Acetyl)KHPHTGDTK",1,-1.41729035618466,0.394662477767706,-0.495154197471778,-0.371579066886211,0.366996345892112,1.52236479688283,TRUE,0.791212930419709,0.791212930419709,0.167897714283275,0.0408893552970165
"KGATPG(Acetyl)KALVATPGK",1,-1.20225588046036,0.81956275582471,-0.937865816179309,-0.522783302497289,0.79707637127292,1.04626587203933,TRUE,0.791827024185239,0.791827024185239,0.152305440914991,0.0558675348997703
"GIVEFSG(Acetyl)KPAAR",1,-1.4064974543612,0.072353380897673,-0.59968768866773,-0.279155884845494,0.851229838240972,1.36175780873578,TRUE,0.791888247298336,0.791888247298336,0.177031278746658,0.0310804739550053
"KVVVSPT(Acetyl)KK",1,-1.42569116189364,0.794298665515741,-0.951840673044296,-0.0408619072550115,0.577546398161434,1.04654867851577,TRUE,0.792012214747047,0.792012214747047,0.166285094900996,0.0417026903519571
"DSG(Acetyl)KA(Acetyl)KAK",2,-1.44706819213852,-0.8165970494367,-0.25531122685059,0.652868635959035,0.875772127764715,0.990335704702061,TRUE,0.792428904119167,0.167495765283379,0.792428904119167,0.0400753305974546
"KAVT(Acetyl)KAQ(Acetyl)KK",3,1.37342618683381,-0.526544895482941,0.348514344906429,0.823137814775836,-1.0191212973139,-0.999412153719242,TRUE,0.792763211969489,0.0959578264737031,0.111278961556808,0.792763211969489
"AHGELPEQH(Acetyl)KR",2,-1.74487304875284,-0.411387730503257,0.271032133304594,0.161024859415124,1.17860734941458,0.545596437121791,TRUE,0.793489743931616,0.175446444383282,0.793489743931616,0.0310638116851025
"QVQSLTCEVDAL(Acetyl)KGTNESLER",1,-1.1035715634755,0.1792688785175,-0.731813340427703,-0.654239046642795,0.912749506818591,1.39760556520991,TRUE,0.794578204776311,0.794578204776311,0.161523404594255,0.043898390629434
"A(Acetyl)KMQASIEK",1,-1.05978469193289,0.795736383239276,-0.647951852723641,-0.960077769537221,0.662423177973076,1.2096547529814,TRUE,0.795209563940266,0.795209563940266,0.1489390710806,0.0558513649791339
"KEL(Acetyl)KELIQK",1,-1.45304031424302,0.186510463238352,-0.0566437045855273,-0.782088823369193,0.945506464863667,1.15975591409572,TRUE,0.795600720705275,0.795600720705275,0.17861082852318,0.0257884507715453
"ALPFWNEEIVPQI(Acetyl)KEGK",1,-1.41382720919353,0.325415578214805,-0.824108150713995,-0.138477375177411,0.80919736745232,1.24179978941781,TRUE,0.795863426036492,0.795863426036492,0.165988018033147,0.038148555930361
"(Acetyl)KQS(Acetyl)KPVTTPEEIAQVATISANGDK",1,-1.69822648020485,0.528087438156438,-0.398009581877845,-0.166442092393217,0.596524785871355,1.13806593044812,TRUE,0.796431801830706,0.796431801830706,0.169441390092342,0.0341268080769521
"VGTECGNQ(Acetyl)KVR",2,-1.55138618052024,-0.90169576031741,0.213713615297734,0.668695789462498,0.949366751050239,0.62130578502718,TRUE,0.796721376063575,0.148098484517901,0.796721376063575,0.0551801394185242
"AAATSA(Acetyl)KK",1,-1.13930450380201,0.732031212526946,-0.876675006502027,-0.676165744354122,0.881739063500649,1.07837497863057,TRUE,0.796800606122099,0.796800606122099,0.148274409075086,0.0549249848028151
"DGSASAAA(Acetyl)KK",3,0.903356536901328,-0.396062359226096,0.730300574953823,0.943928094285807,-0.756679523262122,-1.42484332365274,TRUE,0.797335116098854,0.0918652174561935,0.110799666444953,0.797335116098854
"DIQENDEEAVQV(Acetyl)K",1,-0.888542308737174,0.484920110115681,-1.09974590430454,-0.602831371822104,0.749405629934342,1.35679384481379,TRUE,0.797509644486031,0.797509644486031,0.155723836466273,0.0467665190476962
"NLD(Acetyl)KSIDNK",2,-1.71465176798526,-0.38554594278676,0.151399001968046,0.00603095525013653,0.946967302455042,0.995800451098795,TRUE,0.79828103413187,0.177548777573201,0.79828103413187,0.0241701882949288
"FANYID(Acetyl)K",1,-1.23272359994368,0.708650630950106,-0.944878849613306,-0.400121448788009,0.635708793859845,1.23336447353505,TRUE,0.799820355718603,0.799820355718603,0.149032910107937,0.0511467341734606
"AD(Acetyl)KDYHFK",1,-1.14586000349979,0.87077595129102,-0.524332310607708,-1.0057041381723,0.821446447712177,0.983674053276601,TRUE,0.800489962916163,0.800489962916163,0.147283244612056,0.0522267924717813
"AQE(Acetyl)KVLQK",3,0.949775432026786,0.81023435918988,0.80359471710289,-0.29013361939273,-0.884574797206524,-1.3888960917203,TRUE,0.80112636718638,0.0995575950916574,0.0993160377219622,0.80112636718638
"HQGVMVGMGQ(Acetyl)K",1,-1.72496978811689,0.462656666766542,-0.262385376575328,-0.289338869832586,0.827964317990091,0.986073049768166,TRUE,0.80278769434304,0.80278769434304,0.169034129837344,0.0281781758196155
"TF(Acetyl)KGVVDVVMK",2,-1.42143400452672,-1.14379632422873,0.555429402849681,0.572131941038722,0.68742983573293,0.750239149134117,TRUE,0.802982055627985,0.13967468664211,0.802982055627985,0.0573432577299056
"CQHLQAE(Acetyl)KK",1,-1.55385640037281,0.467833378746804,-0.301470780478525,-0.556611417385702,1.16723043005236,0.776874789437877,TRUE,0.803164505708664,0.803164505708664,0.167466630710119,0.0293688635812165
"KAPEPPKTD(Acetyl)KPGAAPPSTEER",3,0.783168412637986,0.200478256824249,0.41215945718454,0.604543594759089,-0.0487528129471395,-1.95159690845872,TRUE,0.80335830213596,0.0928497884183459,0.103791909445694,0.80335830213596
"FLDGNEMTLADCNLLP(Acetyl)KLHIVK",2,-1.65707074825036,-0.453798912191036,0.0814757233305017,0.0117798316406762,0.95393135061967,1.06368275485055,TRUE,0.803974009170946,0.172625554805245,0.803974009170946,0.0234004360238095
"SG(Acetyl)KYDLDFK",1,-1.47786493158803,-0.00407308103864767,-0.533439179174937,-0.142563100715681,0.776758378293018,1.38118191422428,TRUE,0.804131531002298,0.804131531002298,0.184798786948435,0.0110696820492673
"GILTL(Acetyl)KYPIEHGIITNWDDMEK",3,0.690337808085519,0.887389197190439,1.00224602575448,-0.340182121292997,-0.888139665320637,-1.3516512444168,TRUE,0.804964657965372,0.0974270329981181,0.0976083090365095,0.804964657965372
"EAFSLFD(Acetyl)KDGDGTITTK",1,-1.4173286618771,1.00465277697298,-0.716901456547213,-0.3243306471982,0.335936107840551,1.11797188080899,TRUE,0.805180646605014,0.805180646605014,0.150310281173335,0.0445090722216516
"MD(Acetyl)KYDDLGLEASK",3,1.01147205228911,0.864306758875516,0.651076501034825,-0.366907194905915,-0.668459369099272,-1.49148874819426,TRUE,0.805293111850482,0.0983750857759817,0.0963318023735361,0.805293111850482
"DDATLSG(Acetyl)KR",3,0.792656066815817,0.506079127142702,0.893138116417582,-0.0423113265020359,-0.365631511148973,-1.78393047272509,TRUE,0.805300414234302,0.094550331281939,0.100149254483758,0.805300414234302
"WGDAGAEYVVESTGVFTTME(Acetyl)KAGAHLQGGAK",2,-1.67403495542893,-0.674920837815717,0.503084709673337,0.41084727643461,1.09866309240213,0.336360714734569,TRUE,0.806496080499616,0.149263309409599,0.806496080499616,0.044240610090785
"AD(Acetyl)KMDMSLDDIIK",3,1.25223001234142,-0.683022793103535,0.685753036017891,0.664663721644516,-0.635091597444975,-1.28453237945532,TRUE,0.806573113329398,0.087684048088389,0.105742838582213,0.806573113329398
"EGVHGGLIN(Acetyl)KK",1,-1.17649913339025,0.152463478836715,-0.535487490262626,-0.730792946507288,0.872187722391185,1.41812836893227,TRUE,0.807263231236347,0.807263231236347,0.154016922718487,0.0387198460451661
"AGAHLQGGA(Acetyl)K",1,-1.51344296922161,0.821359814162899,-0.684473159909773,-0.329274620426556,0.814162647008539,0.891668288386497,TRUE,0.807913371452628,0.807913371452628,0.14816314860939,0.0439234799379817
"MLPD(Acetyl)KDCR",1,-1.52707434818694,0.932374414383594,-0.589050110037808,-0.377250653447346,0.567120159331024,0.993880537957474,TRUE,0.809352335776776,0.809352335776776,0.146220201434161,0.0444274627890635
"EVSTYI(Acetyl)KK",3,0.943197824161663,-0.219941914859836,0.648378068885732,0.960061183965572,-1.13854687768849,-1.19314828446465,TRUE,0.809945377726864,0.0872761688823659,0.102778453390771,0.809945377726864
"QVDQLTND(Acetyl)K",1,-1.26608145429596,0.488239633896433,-0.983615809323654,-0.221399201823716,0.694543305962596,1.2883135255843,TRUE,0.810036124623276,0.810036124623276,0.150418513282322,0.0395453620944022
"FHVEEEG(Acetyl)KGK",2,-1.09864175118723,-1.14586673643147,0.0725653728351087,0.0496279110062428,0.729392511869879,1.39292269190747,TRUE,0.810074776985268,0.164675875360174,0.810074776985268,0.0252493476545581
"A(Acetyl)KPLTDQEK",3,1.00244332454215,-0.66654724875254,0.481612855742754,1.01246358870796,-0.358484250883952,-1.47148826935637,TRUE,0.810516659190991,0.0829600691911123,0.106523271617897,0.810516659190991
"GLND(Acetyl)KVK",2,-1.52982668134574,-1.00926026348177,0.504764696274496,0.616653810133796,0.685565949003637,0.732102489415588,TRUE,0.810684281115614,0.134956731339699,0.810684281115614,0.0543589875446871
"GI(Acetyl)KEGR",2,-1.7012973967136,-0.400784646127571,-0.227058900752598,0.559700737456303,0.970390558582674,0.799049647554789,TRUE,0.813474129254317,0.165363845661298,0.813474129254317,0.0211620250843843
"ASGADS(Acetyl)KGDDLSTAILK",3,1.14000745121924,-0.526001324225451,0.649089681421264,0.762492869511948,-0.58297572523178,-1.44261295269522,TRUE,0.814762977771071,0.0844797001012878,0.100757322127642,0.814762977771071
"CSV(Acetyl)KNDHSAYK",2,-1.44775238350227,-0.63198030659673,-0.211146240455481,0.0823454598383128,1.0192950551165,1.18923841559966,TRUE,0.815202837191812,0.173265689458619,0.815202837191812,0.0115314733495691
"QTVAVGVI(Acetyl)KAVDKK",3,0.637368261997668,0.226086012187706,1.104132613959,0.434104649870752,-0.84656479607994,-1.55512674193518,TRUE,0.815476372313486,0.0863720991062101,0.0981515285803033,0.815476372313486
"ASEELQ(Acetyl)KDLEEVK",3,1.18202242556193,-0.573982459874488,0.655220915815798,0.714706066502475,-0.554776560477951,-1.42319038752777,TRUE,0.816609154432655,0.0834736948087609,0.0999171507585839,0.816609154432655
"DVNVNFE(Acetyl)KSK",1,-1.63647247813955,0.280367854585895,-0.328412290565868,-0.31887610222689,0.885456875801531,1.11793614054488,TRUE,0.817104500048398,0.817104500048398,0.155886466543877,0.0270090334077255
"AVG(Acetyl)KVIPELNGK",1,-1.55981016044345,0.298462669399687,-0.553938424303788,-0.240537477366294,1.02709579208812,1.02872760062573,TRUE,0.817537584076316,0.817537584076316,0.15527720117804,0.0271852147456437
"GIE(Acetyl)KNLGIGK",2,-1.77029437338071,-0.615055831783042,0.644578272392335,0.437770398904941,0.525537309257187,0.777464224609286,TRUE,0.81879304797685,0.136621669044698,0.81879304797685,0.0445852829784517
"VV(Acetyl)KQASEGPLK",1,-1.45159748462677,0.170647643775158,-0.513024125559829,-0.309019289287551,0.668242708767607,1.43475054693139,TRUE,0.819268375413655,0.819268375413655,0.152013059454615,0.0287185651317301
"T(Acetyl)KPSDEEMLFIYGHYK",3,0.955220933846618,0.98692773104933,0.0304665500610407,0.275240264116544,-0.618747533984828,-1.62910794508871,TRUE,0.820248789597228,0.0909517692749562,0.0887994411278152,0.820248789597228
"QVVESAYEVI(Acetyl)KLK",1,-1.51971704385876,0.305216711929492,-0.145086716975611,-0.649606489231494,0.743987116306382,1.26520642182999,TRUE,0.82048970600604,0.82048970600604,0.148548489829855,0.030961804164105
"IAQLEEQLDNET(Acetyl)KER",1,-1.11270556142266,0.495430800688535,-0.846281427099723,-0.623873959371144,0.702876860851432,1.38455328635356,TRUE,0.820594174170733,0.820594174170733,0.135501514007965,0.0439043118213026
"EVH(Acetyl)KQVVESAYEVIK",1,-1.32547001890184,-0.00860618078336123,-0.587085633927835,-0.322242598351037,0.748799007219926,1.49460542474415,TRUE,0.821680579166988,0.821680579166988,0.161122038128077,0.0171973827049355
"IL(Acetyl)KVVGQVPDLPSCLPLTDNTR",3,1.0604843712989,0.727230848895785,0.807047208664003,-0.322005676901351,-1.07010730049239,-1.20264945146494,TRUE,0.821867342051405,0.089163081297802,0.0889695766507933,0.821867342051405
"VGRPTAS(Acetyl)KASK",3,1.28101572495218,-0.527282825178649,0.216988733735335,0.933620489963612,-0.534450615005955,-1.36989150846652,TRUE,0.822322375028497,0.0811939924969703,0.0964836324745326,0.822322375028497
"YISPDQLADLY(Acetyl)K",1,-1.36287697611576,0.421171266040033,-0.861549836201738,-0.261144725444134,0.923016382932143,1.14138388878945,TRUE,0.823139872071799,0.823139872071799,0.140801045107258,0.0360590828209425
"AVTTPG(Acetyl)KK",1,-1.25444745917913,0.732663068306224,-0.659583857468281,-0.756601636668901,0.923127220945177,1.01484266406491,TRUE,0.823903463908705,0.823903463908705,0.130855726914479,0.0452408091768162
"GASE(Acetyl)KCSCCA",2,-1.49494540510863,-0.775181638813642,-0.0843438933259524,0.393074695989915,0.781860943508373,1.17953529774994,TRUE,0.824174151088144,0.142581077660241,0.824174151088144,0.0332447712516143
"VSSFEE(Acetyl)KMISDAIPELK",2,-1.25880713806502,-1.31252842290498,0.747096915157763,0.606014547102439,0.49679259657299,0.721431502136807,TRUE,0.824573383013764,0.1246293011106,0.824573383013764,0.0507973158756356
"KGVNLPGAAVDLPAVSE(Acetyl)K",1,-0.97194073540282,1.03690894482072,-1.13018037648464,-0.503232021146405,0.452867064910139,1.11557712330301,TRUE,0.82476986916755,0.82476986916755,0.13263676221183,0.0425933686206205
"GAVGEQLG(Acetyl)KMR",3,0.781292008412362,1.18914519269419,0.340640323892086,-0.349834280640732,-0.342711314086665,-1.61853193027124,TRUE,0.825413972528325,0.0912963620986375,0.0832896653730377,0.825413972528325
"GKGD(Acetyl)KAQIEK",2,-1.58354427777542,-0.914583083688726,0.486494492739753,0.463863751304629,0.829939048697138,0.717830068722623,TRUE,0.827077451257849,0.12573646260063,0.827077451257849,0.0471860861415215
"KGS(Acetyl)K(Acetyl)KAVT(Acetyl)KAQK",3,1.6860420644545,-0.208951678397191,-0.116119665257451,0.466678671633352,-0.58811205988108,-1.23953733255213,TRUE,0.827348992317276,0.0833994188536081,0.0892515888291155,0.827348992317276
"SG(Acetyl)KNSQEDSEDSEDKDVK",3,1.79196193430267,0.280061241339009,-0.318175381290394,-0.0254109788356737,-0.6246250821096,-1.10381173340601,TRUE,0.827388216010546,0.0873500097797884,0.085261774209666,0.827388216010546
"KQLAT(Acetyl)KAAR",3,1.12434999519194,-0.602376697843948,0.538822209359962,0.979342440574758,-0.87436895472477,-1.16576899255794,TRUE,0.829018669417226,0.0760926625617548,0.0948886680210193,0.829018669417226
"KVESLQEEIAFL(Acetyl)K",1,-1.41606267776653,0.807681699143827,-0.515352637417973,-0.67610318883156,0.901740568264126,0.898096236608111,TRUE,0.829455919010078,0.829455919010078,0.129995634318786,0.0405484466711362
"EMI(Acetyl)KSGMNVAR",1,-1.32157583778686,0.0566443496560321,-0.507803443397757,-0.487242535887818,0.812805805329297,1.44717166208711,TRUE,0.830633099101066,0.830633099101066,0.145155095443954,0.0242118054549802
"SVETL(Acetyl)KEMIK",1,-1.32420266785768,0.113558418906525,-0.592885667379084,-0.43670413585002,0.818418866659213,1.42181518552105,TRUE,0.831501241886576,0.831501241886576,0.140366121178329,0.0281326369350951
"AHGELHEQF(Acetyl)KR",2,-1.40425190708179,-1.02289943915083,0.308362957826354,0.220415002162858,0.814702353688554,1.08367103255486,TRUE,0.831553416233754,0.129162303020906,0.831553416233754,0.0392842807453402
"TLHPDLGTD(Acetyl)KDKEQWK",1,-1.64652072145816,0.808689260096472,-0.513421255072275,-0.240853543439313,0.64443154753093,0.947674712342346,TRUE,0.832104672100983,0.832104672100983,0.137530036634775,0.0303652912642426
"QQYESVAA(Acetyl)KNLQEAEEWYK",1,-1.56172851740046,0.260104760247858,-0.315017871660297,-0.372758240992881,0.623008755999313,1.36639111380646,TRUE,0.832471930496372,0.832471930496372,0.142003411810772,0.0255246576928565
"A(Acetyl)KPAQGAK",3,1.17187365839597,-0.65274588922977,0.590716671639334,0.848929949717319,-0.65334415309714,-1.30543023742571,TRUE,0.832538660237836,0.0747336679865995,0.0927276717755646,0.832538660237836
"AD(Acetyl)KEAAFDDAVEER",3,1.19393845599173,-0.399111158915182,0.484916949099447,0.805540380620225,-0.620164203655464,-1.46512042314076,TRUE,0.833469105854498,0.0768895170277687,0.0896413771177332,0.833469105854498
"QCAQV(Acetyl)KR",2,-1.55783271726195,-0.953675196299258,0.465852341547466,0.554247739146945,0.628863806563404,0.862544026303389,TRUE,0.834208979156381,0.120891953838126,0.834208979156381,0.0448990670054925
"VEA(Acetyl)KFINYVK",1,-1.09266931612679,0.524078499686566,-0.742100104378583,-0.809347604262457,0.862057513201493,1.25798101187977,TRUE,0.835080555326446,0.835080555326446,0.125131958723869,0.0397874859496854
"SLVS(Acetyl)KGTLVQTK",1,-1.17123787111679,0.643310102323886,-0.840848964682275,-0.66394641490428,1.03249289867806,1.0002302497014,TRUE,0.836766732140265,0.836766732140265,0.125694054364445,0.0375392134952903
"LDHLAE(Acetyl)K",1,-0.981379926837773,0.409380978753502,-0.805602093393369,-0.80706048993959,0.790183216731079,1.39447831468615,TRUE,0.837001258758481,0.837001258758481,0.127929394764029,0.0350693464774903
"VLGE(Acetyl)KGK",1,-1.32723320765368,0.167506187147477,-0.478808635931845,-0.547041367183997,0.709703495513781,1.47587352810826,TRUE,0.838127917563321,0.838127917563321,0.13301006184225,0.0288620205944287
"ANAE(Acetyl)KTSGSNVK",2,-1.84021966504,-0.439837742499015,0.432911931855494,0.421050307620318,0.574186991715404,0.851908176347799,TRUE,0.838329867286711,0.128462277652368,0.838329867286711,0.0332078550609202
"ADLD(Acetyl)KLNIDSIIQR",3,1.16600037186618,-0.650826660887193,0.719300256320472,0.705007788376859,-0.568714563507676,-1.37076719216864,TRUE,0.839058145874944,0.0718606726199694,0.0890811815050861,0.839058145874944
"GCGVV(Acetyl)KFESPEVAER",1,-1.07905589522547,0.537989346566256,-0.961585649559996,-0.558946800327084,0.727449754324162,1.33414924422213,TRUE,0.839620321626597,0.839620321626597,0.124502534031146,0.0358771443422572
"TI(Acetyl)KLQIWDTAGQER",1,-1.30173753765183,0.534099020905691,-0.630048495331928,-0.680316974697023,1.0652226138817,1.01278137289339,TRUE,0.839800673645031,0.839800673645031,0.12346443694349,0.0367348894114797
"AGAA(Acetyl)KAK",1,-1.63977749987088,0.265649080993076,-0.530929513623274,-0.0657483903395003,0.906941271492512,1.06386505134806,TRUE,0.839808429138362,0.839808429138362,0.149094556413745,0.0110970144478931
"KVV(Acetyl)KQASEGPLK",1,-1.48254032935957,0.125020509540884,-0.391723911595559,-0.367332819367463,0.699042625969114,1.41753392481259,TRUE,0.840526122807877,0.840526122807877,0.140054821802598,0.0194190553895247
"AVGPEIT(Acetyl)KTDLVPAFQNLMK",2,-1.57142392137262,-0.68662784301388,0.144481058721466,0.0998928757649561,1.02765357640057,0.986024253499509,TRUE,0.841288349043264,0.129810100814043,0.841288349043264,0.028901550142692
"(Acetyl)KLLEGEESR",1,-1.61861329903163,0.349446071269801,-0.486106437160914,-0.195688888629587,0.775159810867022,1.17580274268531,TRUE,0.842173828881913,0.842173828881913,0.133815832359648,0.0240103387584386
"VVDLMAHMAS(Acetyl)KE",1,-1.21914319511947,0.546960216360911,-0.537040599849899,-0.865778046363249,0.928587341686824,1.14641428328489,TRUE,0.842789852138454,0.842789852138454,0.119971056881664,0.0372390909798814
"TKDGVVEITG(Acetyl)KHEER",3,0.758718953688909,0.206289556665211,1.0058535912702,0.436962997177495,-0.829545612465629,-1.57827948633618,TRUE,0.845031993877635,0.0728586249977546,0.0821093811246106,0.845031993877635
"SCNCLLL(Acetyl)KVNQIGSVTESLQACK",2,-1.68491304524545,-0.54375929451256,-0.0159760395341146,0.411970438116522,1.00596253288028,0.826715408295321,TRUE,0.845569899160082,0.128079473288985,0.845569899160082,0.0263506275509325
"ILQ(Acetyl)KQGFK",2,-1.56305300759032,-0.941133343123512,0.482299273381208,0.449523587274107,0.798136009324815,0.774227480733701,TRUE,0.845978219588838,0.113578371051087,0.845978219588838,0.0404434093600754
"KLEEEEDG(Acetyl)KLK",1,-1.2983180295368,0.736386785622808,-0.468487020402552,-0.822455674165671,0.643929928679684,1.20894400980253,TRUE,0.846519606944843,0.846519606944843,0.115943128173499,0.037537264881658
"QLAA(Acetyl)KEAK",2,-1.40279077620208,-0.968182993725077,0.0741789151680131,0.343728322140032,0.797768592018447,1.15529794060066,TRUE,0.8493321373343,0.120350472518604,0.8493321373343,0.0303173901470956
"(Acetyl)KFDQLLAEEK",1,-1.56665344222789,0.177808656169673,-0.433951699877771,-0.239632606484472,0.76528567489487,1.29714341752559,TRUE,0.849443086015549,0.849443086015549,0.13427766486026,0.0162792491241911
"QVQSLTCEVDAL(Acetyl)K",1,-1.41349412438622,0.881830124947845,-0.626884352893852,-0.4638267793404,0.423734224136464,1.19864090753617,TRUE,0.850303416980297,0.850303416980297,0.116954476175581,0.0327421068441216
"IAGQVAAAN(Acetyl)KK",1,-1.52415764526273,0.701127369735897,-0.266006945729382,-0.617298104118253,0.480503525722224,1.22583179965224,TRUE,0.851321302343928,0.851321302343928,0.119157122767526,0.0295215748885457
"ELTIGS(Acetyl)KLQDAEIAR",1,-1.1873811318187,0.458337162713766,-0.543715954377418,-0.844326539961171,0.803091473946253,1.31399498949727,TRUE,0.851583002184018,0.851583002184018,0.114299652757438,0.0341173450585441
"NLQEAEEWY(Acetyl)K",1,-1.50760808046183,0.504882912485379,-0.662856854661017,-0.0759709517939189,0.365525587293934,1.37602738713745,TRUE,0.851627329270137,0.851627329270137,0.130830174433598,0.0175424962962651
"FGNPGE(Acetyl)KLVK",1,-1.57947145980532,0.520407995093087,-0.263818979054245,-0.487161828285982,0.524635364265898,1.28540890778657,TRUE,0.852558146500472,0.852558146500472,0.120618304466304,0.0268235490332242
"SVTLLI(Acetyl)KGPNK",2,-1.63664154583441,-0.715595362499956,0.507059408823746,0.214109818975965,0.518730387022299,1.11233729351236,TRUE,0.854646831894413,0.11508727456678,0.854646831894413,0.0302658935388072
"EAGAEE(Acetyl)KMQEQLERNR",1,-1.33077310093797,0.954513260088603,-0.751059374020921,-0.455409368016332,0.407994606406718,1.1747339764799,TRUE,0.854654781833247,0.854654781833247,0.114036285778869,0.0313089323878836
"VIPELNG(Acetyl)KLTGMAFR",1,-1.21213227046869,0.400599987291668,-0.527804923807144,-0.823056410128614,0.885899548518758,1.27649406859402,TRUE,0.855469941558897,0.855469941558897,0.112499350057284,0.0320307083838193
"ELPSG(Acetyl)KK",3,0.992676667565032,0.849267547486929,0.483345303761463,0.109390346980271,-1.012503765038,-1.42217610075569,TRUE,0.856861858431787,0.0715040520344864,0.0716340895337271,0.856861858431787
"NQTAEKEEFEHQQ(Acetyl)KELEK",1,-1.56585158967557,0.527157409625878,-0.246820240300063,-0.544309266154921,0.569301011176483,1.2605226753282,TRUE,0.858584656597876,0.858584656597876,0.114817742826217,0.0265976005759071
"MD(Acetyl)KGEHR",1,-1.42540080922215,0.673894994803253,-0.760012003020125,-0.351753756793556,0.735601811459844,1.12766976277273,TRUE,0.860377718935549,0.860377718935549,0.108368797360276,0.031253483704175
"SLHDALCVV(Acetyl)KR",2,-1.63176035410708,-0.825923981340616,0.49456058475691,0.417331284275542,0.628475015293573,0.917317451121674,TRUE,0.860529605171561,0.104571566356418,0.860529605171561,0.034898828472021
"FGT(Acetyl)KLGSDIK",2,-1.59561118562717,-0.828946126045706,0.203639093696048,0.530974714776706,0.933050449925947,0.756893053274177,TRUE,0.86136290240179,0.10607348588681,0.86136290240179,0.0325636117113998
"KAVT(Acetyl)KAQK",3,1.36150334958672,-0.4052139880607,0.582561903865139,0.59476546809022,-0.986727980937862,-1.14688875254352,TRUE,0.863508374763349,0.0632627063943993,0.0732289188422517,0.863508374763349
"KD(Acetyl)KEMEK",3,1.58643549428338,-0.104772589609943,0.375282291713817,0.268438453185697,-1.04370108512792,-1.08168256444503,TRUE,0.864779773739908,0.0652263819860736,0.0699938442740182,0.864779773739908
"GPDEA(Acetyl)KIK",2,-1.69893702614284,-0.560901473224209,0.112950943671535,0.34546821677052,1.04960644030468,0.751812898620319,TRUE,0.865503818956316,0.111608231773442,0.865503818956316,0.0228879492702427
"LSA(Acetyl)KPPAK",1,-1.22176304336589,0.232662445283716,-0.773587905812346,-0.452228095669379,0.793382685975195,1.42153391358871,TRUE,0.866218780556745,0.866218780556745,0.11106566366892,0.0227155557743348
"TQLVSNL(Acetyl)KK",2,-1.68764861962564,-0.611050478528481,0.272413132505751,0.492622350573634,0.389001348060194,1.14466226701454,TRUE,0.86674639995802,0.109408584163381,0.86674639995802,0.0238450158785983
"G(Acetyl)KVGRPTASK",3,1.49526798899213,-0.332479503692593,0.324596700346203,0.410345426800643,-0.410723180553855,-1.48700743189253,TRUE,0.866831334493841,0.0628566820353706,0.0703119834707881,0.866831334493841
"DVNAAIATI(Acetyl)KTK",1,-1.37123118126456,0.272371156271757,-0.253525561605122,-0.783873187911759,0.861967024285698,1.27429175022399,TRUE,0.867238597277403,0.867238597277403,0.111515360071052,0.0212460426515448
"(Acetyl)KMGLVDQLVEPLGPGLKPPEER",2,-1.64109409009299,-0.792532641884547,0.574603202422266,0.383149660572346,0.500631374289625,0.9752424946933,TRUE,0.867287229960583,0.102682296043763,0.867287229960583,0.0300304739956537
"IVEMSTS(Acetyl)KTGK",1,-1.19450003949112,0.475726148628302,-0.939461030611594,-0.449346980234669,0.909909377542749,1.19767252416633,TRUE,0.868516473868016,0.868516473868016,0.10599975685217,0.0254837692798138
"(Acetyl)KVESLQEEIAFLK",1,-1.53055910401218,0.231317709903147,-0.496514145248176,-0.308187553953915,0.895308195132014,1.20863489817911,TRUE,0.86853765398157,0.86853765398157,0.112274004659875,0.0191883413585543
"AGAHLQGGA(Acetyl)KR",1,-1.54867862490157,0.371004281219874,-0.212959236207679,-0.540447870530115,0.603617377685909,1.32746407273358,TRUE,0.869112710215894,0.869112710215894,0.111069400452259,0.0198178893318474
"(Acetyl)KLLEDR",1,-1.2492138900598,0.436607887784455,-0.505148289786979,-0.812460776883498,0.885298218007806,1.24491685093801,TRUE,0.87170597944307,0.87170597944307,0.100425095280814,0.0278689252761156
"KGVITV(Acetyl)KDGK",2,-1.60878893120106,-0.822245885347289,0.226674722356259,0.546448879068781,0.753499418061502,0.904411797061807,TRUE,0.872392991290167,0.0968222912617686,0.872392991290167,0.030784717448064
"DFQGS(Acetyl)KLK",1,-1.47318161992194,0.20254504525416,-0.368269039541306,-0.483824678932806,0.773258338922367,1.34947195421953,TRUE,0.8730315996748,0.8730315996748,0.10695696591997,0.0200114344052301
"LVS(Acetyl)KDGK",1,-1.51682295836108,0.29930171374944,-0.265839280415972,-0.591151372193821,0.8998945213103,1.17461737591114,TRUE,0.873032175604925,0.873032175604925,0.106484180767065,0.0204836436280094
"AEGDA(Acetyl)KGDK",1,-1.32817663174598,0.558596592619654,-0.689950416371556,-0.589009423970849,0.987560376042068,1.06097950342667,TRUE,0.87469721431702,0.87469721431702,0.0977167000170169,0.027586085665963
"VGINYQPPTVVPGGDLA(Acetyl)KVQR",1,-1.27557139173478,0.337418634131206,-0.482006559665544,-0.745436889845738,0.831644422029383,1.33395178508548,TRUE,0.875267507312509,0.875267507312509,0.0988328678397982,0.0258996248476926
"K(Acetyl)KVEAQLQELQVK",1,-1.32830425138279,0.277810375732303,-0.757418046855726,-0.376379044289911,0.922554188814634,1.26173677798149,TRUE,0.875795781952755,0.875795781952755,0.102774252666067,0.0214299653811775
"AAEPN(Acetyl)KTEIQTLFK",3,1.0770049558677,-0.363421382386651,0.445925498089076,0.777475130988709,-0.251305168106684,-1.68567903445215,TRUE,0.876688193052937,0.0555590997692601,0.0677527071778025,0.876688193052937
"ALVATPG(Acetyl)KK",1,-1.17556370923548,0.324697483539849,-0.68442985757166,-0.709773202344006,1.02195822307279,1.22311106253851,TRUE,0.877247280052839,0.877247280052839,0.100155862126885,0.0225968578202763
"A(Acetyl)KPLTDSEK",3,1.18987027511844,-0.323867323266938,0.56888646047041,0.700975369456384,-0.630118943860644,-1.50574583791766,TRUE,0.878802888039238,0.0558498023914528,0.0653473095693091,0.878802888039238
"LEKPA(Acetyl)KYDDIKK",1,-1.62193224989571,0.525884543196074,-0.474480727405646,-0.250467040489845,0.63947812022476,1.18151735437037,TRUE,0.878833771875597,0.878833771875597,0.101662682280325,0.0195035458440781
"LQEEIQL(Acetyl)KEEAENNLAAFR",3,0.758671056310225,1.32386917297937,-0.0102839027739646,0.146476148054489,-0.802087273075926,-1.41664520149419,TRUE,0.879142760479621,0.0637592202340301,0.0570980192863492,0.879142760479621
"GKGG(Acetyl)KGLG(Acetyl)KGGAK",3,1.71316131374262,-0.00609169148210431,-0.0867282617221462,0.321155830293077,-0.784103645477652,-1.15739354535379,TRUE,0.879588295629878,0.0588388540893849,0.0615728502807371,0.879588295629878
"EITALAPSTM(Acetyl)K",1,-1.62447438825475,0.535101260465507,-0.348864279366278,-0.362597581344404,0.584139939216987,1.21669504928293,TRUE,0.88135127773834,0.88135127773834,0.0994369714224155,0.0192117508392447
"MEME(Acetyl)KEFEQIDK",3,1.16423124159423,-0.243900280734435,0.801675082907733,0.48841527919388,-0.744056516310491,-1.46636480665091,TRUE,0.881591630258884,0.0550194541389798,0.0633889156021367,0.881591630258884
"IMATPEQVG(Acetyl)KMK",1,-1.22533058653943,0.558648784746762,-0.795657498132318,-0.601422802933042,0.855615288767383,1.20814681409065,TRUE,0.881673080708371,0.881673080708371,0.0921951287176394,0.0261317905739898
"KAEGDA(Acetyl)KGDK",1,-1.22469372324292,0.436569717358902,-0.749833644780077,-0.606564848893613,0.872420838672315,1.27210166088539,TRUE,0.882177110936369,0.882177110936369,0.0924827488054266,0.0253401402582048
"ETIEQE(Acetyl)K",1,-1.29380975543808,0.32763968287139,-0.722227388000795,-0.505566690555671,0.965150500898021,1.22881365022514,TRUE,0.88302132123256,0.88302132123256,0.0944513155347773,0.0225273632326631
"KGS(Acetyl)K(Acetyl)KAVTK",3,1.44685891650972,0.18082467369668,-0.0249156351262661,0.52689258597769,-0.659899340000354,-1.46976120105747,TRUE,0.88583713405417,0.0556060979029177,0.0585567680429127,0.88583713405417
"(Acetyl)KFAADAVK",1,-1.341854365095,0.529949977220032,-0.432601498266453,-0.778166242923147,0.810971576978724,1.21170055208584,TRUE,0.887125319068787,0.887125319068787,0.0880080385497874,0.0248666423814262
"ETNLDSLPLVDTHS(Acetyl)KR",1,-1.29140957744158,0.58948817938826,-0.656243153187371,-0.620953297006111,0.665465428461223,1.31365241978558,TRUE,0.887126632743748,0.887126632743748,0.0868329458719842,0.0260404213842676
"GADFLVTEVENGGSLGS(Acetyl)KK",1,-1.35800310666279,0.480071168681205,-0.766199411436372,-0.402679091925778,0.821624702857577,1.22518573848615,TRUE,0.887821422307626,0.887821422307626,0.0885334549802977,0.0236451227120768
"QAAC(Acetyl)KQVR",2,-1.74297863905012,-0.601248058958507,0.277702524469481,0.432062994772499,0.794898556141007,0.839562622625643,TRUE,0.888224433394041,0.0876286804457496,0.888224433394041,0.0241468861602093
"EIVRDIKE(Acetyl)KLCYVALDFEQEMATAASSSSLEK",1,-1.5928076485862,0.549257169842317,-0.300055999954883,-0.530462964002983,0.807058456863581,1.06701098583817,TRUE,0.892139706914116,0.892139706914116,0.0889970724175788,0.0188632206683048
"VTGGAAS(Acetyl)KLSK",1,-1.3022190559724,0.595595279560921,-0.662109470648932,-0.612485757284493,0.696203602402252,1.28501540194266,TRUE,0.892616689658524,0.892616689658524,0.0826498693211623,0.0247334410203134
"DQAD(Acetyl)KASTR",1,-1.44241143993666,0.578457098822887,-0.398723770843378,-0.691990160704253,0.841979847998838,1.11268842466257,TRUE,0.893011482750285,0.893011482750285,0.0839983161202052,0.0229902011295101
"AA(Acetyl)KVVPVK",1,-1.18666362686724,0.42120845080238,-0.451042659234205,-0.873627822205245,0.682133639113258,1.40799201839105,TRUE,0.893958972233235,0.893958972233235,0.0875407351664509,0.0185002926003145
"KSTGG(Acetyl)KAPR",3,1.2539259295776,-0.154876532691992,0.552254451262981,0.654880980522359,-1.22584099909328,-1.08034382957766,TRUE,0.89459269794844,0.0490549043173222,0.0563523977342376,0.89459269794844
"EITALAPSTM(Acetyl)KIK",2,-1.57744859826371,-0.816292673074827,0.355658522082744,0.207627964309223,0.93001718557606,0.900437599370509,TRUE,0.898885062674627,0.0807189776233807,0.898885062674627,0.0203959597019918
"VTLDWA(Acetyl)KPK",1,-1.61170903314797,0.3981603123305,-0.327935811726379,-0.414216007903971,0.81604288722853,1.13965765321929,TRUE,0.902385464989577,0.902385464989577,0.0832217842549825,0.0143927507554402
"SPA(Acetyl)KAK",2,-1.63525880520591,-0.851265905781608,0.529423183741171,0.54204391600221,0.593554111670496,0.821503499573645,TRUE,0.902634220531184,0.0763325343386125,0.902634220531184,0.0210332451302038
"(Acetyl)KITIADCGQLE",1,-1.41830333237221,0.439946886495726,-0.686282046201884,-0.356290901271457,0.732203726788671,1.28872566656116,TRUE,0.90511451381158,0.90511451381158,0.076471902682104,0.0184135835063162
"SHSI(Acetyl)KPESWSK",1,-1.54079602148237,0.199448954870167,-0.504986812837136,-0.18824481542976,0.681160867478567,1.35341782740053,TRUE,0.908266518155707,0.908266518155707,0.0859936034249918,0.00573987841930111
"LQDEIQNM(Acetyl)KEEMAR",1,-1.61003446112602,0.300134932518602,-0.489581529264881,-0.215763033468776,0.986886544504959,1.02835754683611,TRUE,0.912152440707975,0.912152440707975,0.0825142046922253,0.00533335459980008
"HYGGLTGLN(Acetyl)KAETAAK",1,-1.36388662521009,0.214752920928509,-0.590414947367004,-0.437324743891493,0.784740447606763,1.39213294793331,TRUE,0.916824538586286,0.916824538586286,0.0717209350361726,0.0114545263775414
"ELIQ(Acetyl)KELTIGSK",1,-1.43028086637961,0.377490480709938,-0.399835308163815,-0.649781691048783,0.952070815550168,1.1503365693321,TRUE,0.917331790736715,0.917331790736715,0.0685461692942046,0.0141220399690806
"(Acetyl)KAVT(Acetyl)KAQ(Acetyl)KK",3,1.62762498499642,-0.189396398888244,-0.313508366377632,0.643368969897548,-0.5378617718376,-1.2302274177905,TRUE,0.919251606049224,0.0383028230908248,0.0424455708599508,0.919251606049224
"SEIDMNDI(Acetyl)KAFYQK",2,-1.53331131335783,-0.827729885069656,0.123775527761684,0.317378158483034,0.911023682404581,1.00886382977818,TRUE,0.920460406958913,0.0659664561526891,0.920460406958913,0.0135731368883978
"ALSTGE(Acetyl)KGFGYK",1,-1.36430703542632,0.329502834287636,-0.487369377971385,-0.60267082802419,0.769274390610746,1.35557001652351,TRUE,0.923622149639223,0.923622149639223,0.0624112457746813,0.0139666045860955
"DDAMLL(Acetyl)KGK",2,-1.67819203177951,-0.570173505178913,0.136476281317702,0.245070917045411,0.796692685174285,1.07012565342102,TRUE,0.924040732233896,0.0649458527437414,0.924040732233896,0.0110134150223626
"SIYGE(Acetyl)KFEDENFILK",1,-1.45675017325815,0.385886058063909,-0.383428433352951,-0.576544362500919,0.709313213955533,1.32152369709258,TRUE,0.924944302546927,0.924944302546927,0.0614671246927662,0.0135885727603073
"LSVDYG(Acetyl)KK",1,-1.49894479925892,0.346294431698515,-0.289377277697008,-0.594227561253141,0.769902484735461,1.2663527217751,TRUE,0.925920397255759,0.925920397255759,0.0633533642692704,0.0107262384749701
"QSACNLE(Acetyl)KK",2,-1.64556282844761,-0.677521012615778,0.115632850799224,0.375917153408625,0.891834775696475,0.939699061159061,TRUE,0.926823933679543,0.0606510327944782,0.926823933679543,0.0125250335259785
"IYVDDGLISLQV(Acetyl)KQK",1,-1.19137535386744,0.469772625890332,-0.727090344157345,-0.666606294077744,0.784091259783432,1.33120810642876,TRUE,0.927881750730234,0.927881750730234,0.0596163603467047,0.0125018889230611
"A(Acetyl)KLAEQAER",1,-1.40681842058262,0.89529729787424,-0.645316303168359,-0.559603395945847,0.767030936107467,0.949409885715122,TRUE,0.933461768784259,0.933461768784259,0.0562241698596327,0.0103140613561079
"TELAD(Acetyl)KVTK",1,-1.54446892147482,0.24908186371058,-0.32505487601154,-0.470541144901091,0.905136246155967,1.1858468325209,TRUE,0.9340433100704,0.9340433100704,0.0599025686392078,0.00605412129039206
"TNE(Acetyl)KVELQELNDR",1,-1.42206026490733,0.432374285078797,-0.549887140401294,-0.48889260152854,0.704338810119985,1.32412691163838,TRUE,0.93626978041151,0.93626978041151,0.0512836958398159,0.0124465237486743
"SYAE(Acetyl)KPDEITKDEWMEK",3,1.36690453419428,0.0668119788374095,0.553744289043728,0.290735809934205,-0.873713487702913,-1.40448312430671,TRUE,0.936409696086566,0.0305002636155669,0.0330900402978673,0.936409696086566
"SAGAA(Acetyl)KR",2,-1.72028536407061,-0.695058311728166,0.467959183884944,0.440315039857927,0.686378524919458,0.820690927136447,TRUE,0.936683371610151,0.0521751570474729,0.936683371610151,0.0111414713423755
"TVDGPSG(Acetyl)KLWR",1,-1.39847360435112,0.373069708432474,-0.587878882976596,-0.467194587132563,0.742728034456143,1.33774933157166,TRUE,0.939287257481252,0.939287257481252,0.0499427577033101,0.0107699848154376
"LGGSAVISLEG(Acetyl)KPL",1,-1.42168184459363,0.444066902701262,-0.748081711664779,-0.302645655247019,0.822705207209832,1.20563710159433,TRUE,0.939421310206753,0.939421310206753,0.0523745253029579,0.00820416449028893
"AASGEA(Acetyl)KPK",1,-1.63472466227049,0.443376370814013,-0.327958872828024,-0.403650410918658,0.884931162388936,1.03802641281422,TRUE,0.943662288981279,0.943662288981279,0.0515600577949393,0.00477765322378162
"TEWLDG(Acetyl)KHVVFGK",1,-1.30021399725744,0.210433420781763,-0.443930853811734,-0.710945075432657,0.975014948691302,1.26964155702877,TRUE,0.943910825335656,0.943910825335656,0.0506714354771698,0.00541773918717391
"LLGQFSE(Acetyl)KELAAEK",2,-1.76491373235585,-0.438329973051675,0.179775864025759,0.286857258824243,0.680646363813918,1.0559642187436,TRUE,0.946364302389762,0.0489830134428241,0.946364302389762,0.00465268416741432
"VSDLTQAAN(Acetyl)KNNDALR",3,0.951029343691684,0.74548612303648,0.474209872609295,0.330292167090855,-1.05266863450052,-1.4483488719278,TRUE,0.94710475475589,0.0259674415848729,0.0269278036592366,0.94710475475589
"SAPGGGS(Acetyl)KVPQK",1,-1.48310340095369,0.433368211622802,-0.284854281172465,-0.642161756151741,0.700877868443267,1.27587335821182,TRUE,0.95197676329112,0.95197676329112,0.0420737313229551,0.00594950538592519
"ADEE(Acetyl)KLPPGWEK",3,1.10710036829663,-0.38029932820545,0.73495174942381,0.746897872075504,-0.889125635488953,-1.31952502610154,TRUE,0.95294195818864,0.0204686577328039,0.0265893840785561,0.95294195818864
"FANYID(Acetyl)KVR",1,-1.54985095599121,0.313157555242893,-0.476814715096861,-0.331519575615454,0.833347610849645,1.21168008061099,TRUE,0.954560411414845,0.954560411414845,0.0410430862583706,0.00439650232678411
"FAGD(Acetyl)KGYLTK",3,1.56399270522533,-0.00515158754191678,0.327791731586644,0.276221242123997,-0.956555561921397,-1.20629852947266,TRUE,0.95580538249635,0.0211598371484738,0.0230347803551759,0.95580538249635
"EL(Acetyl)KELIQK",1,-1.45961499701546,0.180250167598382,-0.370654290633347,-0.514746608878102,0.868396962498541,1.29636876642999,TRUE,0.961416810579851,0.961416810579851,0.0361012626169136,0.00248192680323541
"STGGAPTFNVTVT(Acetyl)KTDK",1,-1.47884042674379,0.387661568560744,-0.545785634762925,-0.419940381663353,0.837286559559243,1.21961831505008,TRUE,0.961577199338347,0.961577199338347,0.0326535374355531,0.00576926322610034
"TD(Acetyl)KTLVLLMGK",1,-1.53277942813598,0.468562645273603,-0.359427562551145,-0.553096465752742,0.843145955640019,1.13359485552625,TRUE,0.980525580938332,0.980525580938332,0.0176840423840875,0.00179037667758009
